"Year","Location","Transect","Zone","Period","Anemonesp","Centrostephanuscoronatus","Crassedomagiganteum","Haliotiscorrugata","Haliotisfulgens","Kelletiakelletii","Lophogorgiachilensis","Megastraeaturbanica","Megastraeaundosa","Megathuracrenulata","Mesocentrotusfranciscanus","Muriceasp","Parastichopusparvimensis","Patiriaminiata","Pisastergiganteus","Strongylocentrotuspurpuratus"
2006,"Babencho",1,"Fished","Before",0,0,0,4,0,0,0,0,4,2,3,1,1,0,0,1
2006,"Babencho",2,"Fished","Before",0,0,0,14,0,0,0,2,8,2,9,3,8,0,0,5
2006,"Babencho",3,"Fished","Before",0,0,0,2,0,0,0,0,50,2,2,5,16,0,0,2
2006,"Babencho",4,"Fished","Before",0,0,0,1,0,0,0,0,6,0,2,3,1,0,2,0
2006,"Babencho",5,"Fished","Before",0,0,0,0,0,0,0,0,36,0,0,11,1,0,0,0
2006,"Babencho",6,"Fished","Before",0,1,0,2,0,0,0,2,50,0,2,2,4,0,1,0
2006,"Babencho",7,"Fished","Before",0,0,0,0,0,0,1,0,8,0,0,2,0,0,0,0
2006,"Babencho",8,"Fished","Before",0,0,0,1,0,0,0,0,35,11,2,2,20,0,0,0
2006,"Babencho",9,"Fished","Before",0,0,0,0,0,0,0,0,10,1,0,3,0,0,0,0
2006,"Babencho",10,"Fished","Before",0,1,0,0,0,0,0,0,115,1,2,4,8,0,0,0
2006,"Babencho",11,"Fished","Before",0,0,0,0,0,0,0,0,8,2,0,5,5,0,0,0
2007,"Babencho",1,"Fished","Before",0,0,0,3,0,0,0,1,30,0,2,4,3,0,0,0
2007,"Babencho",2,"Fished","Before",0,0,0,1,0,0,0,0,17,2,0,19,6,0,0,0
2007,"Babencho",3,"Fished","Before",1,0,0,2,0,0,0,0,16,3,0,6,2,0,0,0
2007,"Babencho",4,"Fished","Before",1,0,0,2,0,0,0,0,15,1,0,11,4,0,0,0
2007,"Babencho",5,"Fished","Before",0,2,0,0,0,0,0,1,27,5,4,150,4,0,0,0
2007,"Babencho",6,"Fished","Before",0,0,0,1,0,0,0,0,1,1,0,5,5,0,0,0
2007,"Babencho",7,"Fished","Before",4,5,0,8,0,0,0,0,17,5,0,7,6,0,0,0
2007,"Babencho",8,"Fished","Before",1,0,0,4,1,0,0,0,2,4,0,5,4,0,0,0
2007,"Babencho",9,"Fished","Before",0,1,0,0,0,0,0,0,1,3,0,5,0,0,0,0
2007,"Babencho",10,"Fished","Before",0,0,0,4,1,0,0,0,20,10,1,10,7,0,0,0
2007,"Babencho",11,"Fished","Before",0,0,0,0,0,0,0,0,15,2,0,18,1,0,0,0
2007,"Babencho",12,"Fished","Before",0,0,0,1,0,0,0,0,0,1,0,7,0,0,0,0
2007,"Babencho",13,"Fished","Before",1,0,0,0,0,0,0,0,2,5,0,8,1,0,0,0
2007,"Babencho",14,"Fished","Before",0,0,0,0,1,0,0,0,3,2,1,2,1,0,0,0
2007,"Babencho",15,"Fished","Before",0,0,0,1,0,0,0,0,0,5,0,4,1,0,0,0
2007,"Babencho",16,"Fished","Before",3,0,0,1,0,0,0,0,4,2,0,7,0,0,0,0
2008,"Babencho",1,"Fished","Before",0,0,0,2,0,0,0,2,31,1,0,1,3,0,0,0
2008,"Babencho",2,"Fished","Before",0,2,1,0,0,0,3,0,9,9,0,1,17,0,0,2
2008,"Babencho",3,"Fished","Before",0,1,0,0,0,0,0,2,13,3,2,6,14,0,0,0
2008,"Babencho",4,"Fished","Before",1,0,0,9,0,0,0,0,12,4,1,3,22,0,0,0
2008,"Babencho",5,"Fished","Before",2,0,1,0,0,0,0,5,1,4,4,8,4,0,0,0
2008,"Babencho",6,"Fished","Before",0,8,0,0,0,0,0,0,0,7,2,17,4,0,0,0
2008,"Babencho",7,"Fished","Before",2,0,0,3,0,0,3,0,11,8,1,25,19,0,1,0
2008,"Babencho",8,"Fished","Before",2,0,0,0,0,0,1,0,14,3,0,4,3,0,0,0
2008,"Babencho",9,"Fished","Before",2,0,0,2,0,0,0,0,23,4,0,6,9,0,0,1
2008,"Babencho",10,"Fished","Before",1,0,0,5,0,0,0,0,41,5,1,3,2,0,0,1
2008,"Babencho",11,"Fished","Before",1,2,0,2,2,0,0,0,6,7,0,2,4,0,0,1
2008,"Babencho",12,"Fished","Before",3,1,0,1,1,0,0,0,8,12,3,1,3,0,0,0
2009,"Babencho",1,"Fished","After",0,4,1,3,0,0,6,0,107,5,9,2,22,0,1,0
2009,"Babencho",2,"Fished","After",2,0,0,0,0,0,3,0,18,2,0,5,1,0,1,0
2009,"Babencho",3,"Fished","After",2,0,1,3,3,0,0,0,20,2,0,17,0,0,0,0
2009,"Babencho",4,"Fished","After",0,0,3,2,0,0,0,0,0,7,0,12,0,0,0,0
2009,"Babencho",5,"Fished","After",2,3,1,2,0,0,3,0,41,10,2,1,19,0,0,0
2009,"Babencho",6,"Fished","After",4,0,2,0,5,0,1,0,20,5,0,2,1,0,1,0
2009,"Babencho",7,"Fished","After",0,0,0,0,0,0,0,0,12,3,0,5,1,0,0,0
2009,"Babencho",8,"Fished","After",0,1,0,0,0,0,0,0,13,2,0,7,1,0,0,0
2009,"Babencho",9,"Fished","After",6,1,0,0,0,8,0,0,39,2,1,15,11,0,0,1
2009,"Babencho",10,"Fished","After",8,1,7,4,7,7,0,0,18,7,1,2,2,0,0,0
2009,"Babencho",11,"Fished","After",0,4,1,2,0,0,0,0,11,1,0,7,29,0,0,0
2009,"Babencho",12,"Fished","After",2,1,2,0,1,0,0,0,5,3,0,3,2,0,0,0
2009,"Babencho",13,"Fished","After",0,0,0,0,0,0,0,0,8,0,0,13,0,0,0,0
2009,"Babencho",14,"Fished","After",1,0,1,0,0,0,1,0,32,6,0,1,1,0,0,0
2010,"Babencho",1,"Fished","After",0,0,0,1,0,0,0,0,24,7,0,1,18,0,1,0
2010,"Babencho",2,"Fished","After",0,0,0,0,0,1,8,0,18,2,0,7,5,0,0,0
2010,"Babencho",3,"Fished","After",0,0,0,0,0,0,0,0,14,0,0,18,2,0,0,0
2010,"Babencho",4,"Fished","After",0,0,0,0,0,0,0,0,22,11,0,3,0,0,0,0
2010,"Babencho",5,"Fished","After",0,0,0,0,0,0,0,0,7,2,0,6,0,0,0,0
2010,"Babencho",6,"Fished","After",0,0,0,1,0,0,0,0,18,2,0,5,4,0,0,0
2010,"Babencho",7,"Fished","After",0,1,0,0,0,0,0,0,21,3,0,15,2,0,0,0
2010,"Babencho",8,"Fished","After",1,0,0,0,0,0,2,0,22,2,0,11,0,0,0,0
2010,"Babencho",9,"Fished","After",3,2,1,2,0,0,4,6,1,2,0,9,4,0,2,0
2010,"Babencho",10,"Fished","After",0,3,0,4,0,0,0,5,3,4,0,2,8,0,0,0
2010,"Babencho",11,"Fished","After",2,0,0,1,0,0,0,0,48,3,0,1,8,0,0,0
2010,"Babencho",12,"Fished","After",0,0,0,0,0,0,0,0,45,4,0,3,6,0,0,0
2010,"Babencho",13,"Fished","After",0,0,0,1,0,0,0,0,26,1,0,5,5,0,0,0
2010,"Babencho",14,"Fished","After",0,1,0,0,0,0,0,0,20,6,2,3,6,0,0,0
2010,"Babencho",15,"Fished","After",7,0,0,0,0,0,0,1,9,0,0,1,3,0,0,0
2010,"Babencho",16,"Fished","After",4,0,2,1,0,0,0,0,25,5,0,31,7,0,0,0
2010,"Babencho",17,"Fished","After",0,0,0,0,0,0,2,3,53,4,0,1,4,0,0,0
2010,"Babencho",18,"Fished","After",10,0,0,1,0,0,11,0,47,4,0,2,17,0,0,2
2010,"Babencho",19,"Fished","After",0,0,0,0,0,0,0,0,30,1,0,20,1,0,0,0
2010,"Babencho",20,"Fished","After",0,0,0,0,0,0,0,0,26,3,0,15,6,0,0,0
2010,"Babencho",21,"Fished","After",1,0,0,0,0,0,0,1,5,2,0,3,2,0,0,0
2010,"Babencho",22,"Fished","After",1,0,0,0,0,0,1,0,15,5,0,5,7,0,0,0
2010,"Babencho",23,"Fished","After",1,1,1,1,0,0,1,3,1,4,0,3,0,0,0,0
2010,"Babencho",24,"Fished","After",0,0,0,0,0,0,2,0,16,3,0,0,0,0,0,0
2010,"Babencho",25,"Fished","After",2,0,0,0,0,0,0,0,12,4,0,0,0,0,0,0
2011,"Babencho",1,"Fished","After",0,0,0,0,0,0,0,0,62,2,0,0,2,0,0,0
2011,"Babencho",2,"Fished","After",0,1,0,0,0,0,0,0,59,3,0,0,2,0,0,0
2011,"Babencho",3,"Fished","After",0,0,0,0,0,0,0,0,30,1,0,0,1,0,0,0
2011,"Babencho",4,"Fished","After",0,0,0,1,0,0,0,0,10,3,0,0,1,0,0,0
2011,"Babencho",5,"Fished","After",3,0,0,0,0,0,0,2,4,5,0,0,5,0,2,3
2011,"Babencho",6,"Fished","After",0,0,0,0,0,0,0,0,8,6,0,6,0,0,0,0
2011,"Babencho",7,"Fished","After",4,0,0,1,0,0,7,0,33,9,2,1,15,0,0,0
2011,"Babencho",8,"Fished","After",2,1,0,1,0,2,2,0,26,9,0,0,18,0,1,0
2011,"Babencho",9,"Fished","After",1,0,0,0,0,0,4,0,60,6,0,7,11,0,0,0
2011,"Babencho",10,"Fished","After",5,0,0,0,0,0,0,0,19,3,0,0,7,0,0,1
2011,"Babencho",11,"Fished","After",2,2,0,0,0,0,0,1,55,3,0,2,4,0,1,0
2011,"Babencho",12,"Fished","After",2,2,0,0,0,0,2,0,13,7,1,0,20,0,0,1
2011,"Babencho",13,"Fished","After",3,0,0,0,0,0,0,0,11,3,0,0,12,0,0,0
2011,"Babencho",14,"Fished","After",1,0,0,0,0,0,0,0,44,1,0,3,7,0,0,0
2011,"Babencho",15,"Fished","After",0,0,0,1,0,0,0,0,8,1,0,20,1,0,0,0
2011,"Babencho",16,"Fished","After",0,0,0,0,0,0,0,0,26,5,0,18,10,0,0,0
2011,"Babencho",17,"Fished","After",0,1,0,0,0,0,0,0,20,2,0,1,6,0,0,0
2011,"Babencho",18,"Fished","After",0,0,0,0,0,0,0,0,55,3,0,1,3,0,0,0
2011,"Babencho",19,"Fished","After",8,0,0,0,0,0,0,0,10,9,0,10,11,0,0,0
2011,"Babencho",20,"Fished","After",7,2,0,1,0,0,0,0,29,7,0,4,5,0,1,2
2011,"Babencho",21,"Fished","After",7,0,0,1,0,0,0,0,15,7,2,12,9,0,0,0
2011,"Babencho",22,"Fished","After",5,0,0,1,0,0,1,0,51,4,0,0,11,0,0,0
2012,"Babencho",1,"Fished","After",0,2,0,0,0,0,0,1,44,6,1,0,17,0,1,0
2012,"Babencho",2,"Fished","After",0,0,0,1,0,0,0,0,38,5,1,2,2,0,0,0
2012,"Babencho",3,"Fished","After",2,1,1,1,0,0,0,0,20,3,1,0,7,0,0,0
2012,"Babencho",4,"Fished","After",3,0,0,0,0,0,0,0,13,8,0,4,3,0,1,0
2012,"Babencho",5,"Fished","After",1,1,0,0,0,6,0,1,9,2,0,3,8,0,0,0
2012,"Babencho",6,"Fished","After",7,0,0,0,0,3,0,2,11,4,0,1,13,0,0,0
2012,"Babencho",7,"Fished","After",6,1,0,0,0,4,0,1,21,9,0,12,9,0,0,3
2012,"Babencho",8,"Fished","After",6,0,0,0,0,0,0,0,6,5,0,3,5,0,0,0
2012,"Babencho",9,"Fished","After",5,0,0,0,0,0,1,0,50,4,0,6,6,0,0,0
2012,"Babencho",10,"Fished","After",3,0,0,0,0,0,7,0,10,4,0,9,11,0,0,0
2012,"Babencho",11,"Fished","After",0,1,0,0,0,0,0,0,23,2,0,4,7,0,2,0
2012,"Babencho",12,"Fished","After",5,0,0,0,0,0,0,0,29,2,0,3,3,0,0,0
2012,"Babencho",13,"Fished","After",1,0,0,0,0,0,0,0,7,2,0,1,8,0,0,0
2012,"Babencho",14,"Fished","After",2,0,0,0,0,0,0,0,17,1,0,2,4,0,0,0
2012,"Babencho",15,"Fished","After",9,2,1,1,0,0,0,0,57,1,0,1,0,0,0,0
2012,"Babencho",16,"Fished","After",2,1,1,0,0,0,0,0,19,0,0,1,6,0,1,0
2012,"Babencho",17,"Fished","After",0,0,0,0,0,0,0,0,11,6,0,4,0,0,1,0
2012,"Babencho",18,"Fished","After",0,0,0,0,0,0,0,0,11,5,0,2,3,0,0,0
2012,"Babencho",19,"Fished","After",0,0,1,0,0,0,0,0,21,6,0,2,1,1,0,0
2012,"Babencho",20,"Fished","After",0,0,0,0,0,0,0,0,7,1,1,12,1,0,0,0
2013,"Babencho",1,"Fished","After",0,0,0,0,0,0,0,0,8,0,0,2,0,0,0,0
2013,"Babencho",2,"Fished","After",0,0,0,0,0,0,0,0,2,2,0,4,0,0,0,0
2013,"Babencho",3,"Fished","After",0,0,0,0,0,0,0,13,32,3,0,2,4,0,0,0
2013,"Babencho",4,"Fished","After",0,0,0,0,0,0,0,0,22,6,0,1,3,0,0,0
2013,"Babencho",5,"Fished","After",0,0,0,1,0,0,0,0,19,0,0,1,0,0,0,0
2013,"Babencho",6,"Fished","After",0,0,0,1,0,0,0,0,4,1,0,23,0,0,0,0
2013,"Babencho",7,"Fished","After",0,2,0,0,0,0,0,1,12,0,0,1,1,0,1,0
2013,"Babencho",8,"Fished","After",0,0,0,0,0,0,0,0,26,3,0,1,0,0,0,0
2013,"Babencho",9,"Fished","After",0,2,0,0,0,0,0,6,15,0,0,32,2,0,0,0
2013,"Babencho",10,"Fished","After",0,2,0,0,0,0,0,28,0,1,0,11,0,0,0,0
2013,"Babencho",11,"Fished","After",0,0,0,0,0,0,0,0,8,1,0,1,2,0,0,0
2013,"Babencho",12,"Fished","After",0,0,0,0,0,0,0,0,0,0,0,8,0,0,0,0
2013,"Babencho",13,"Fished","After",0,1,0,0,0,0,0,3,25,1,0,5,2,0,0,0
2013,"Babencho",14,"Fished","After",0,3,0,0,0,0,0,0,11,1,0,30,1,0,0,0
2013,"Babencho",15,"Fished","After",0,0,0,0,0,0,0,0,6,1,0,7,1,0,0,0
2013,"Babencho",16,"Fished","After",0,2,0,0,0,0,0,0,13,3,0,5,0,0,0,0
2013,"Babencho",17,"Fished","After",0,0,0,0,0,0,0,0,6,2,0,2,0,0,0,0
2013,"Babencho",18,"Fished","After",0,3,0,0,0,0,0,8,13,2,0,14,0,0,0,0
2013,"Babencho",19,"Fished","After",0,1,0,1,0,0,0,0,21,1,0,2,0,0,0,0
2013,"Babencho",20,"Fished","After",0,1,0,0,0,0,0,0,13,2,0,5,0,0,0,0
2013,"Babencho",21,"Fished","After",0,0,0,0,0,0,0,0,3,1,0,9,0,0,0,0
2014,"Babencho",1,"Fished","After",0,2,0,0,0,0,0,8,50,1,0,5,1,0,0,0
2014,"Babencho",2,"Fished","After",0,3,0,0,0,0,0,4,50,2,0,22,0,0,1,0
2014,"Babencho",3,"Fished","After",0,2,2,0,1,0,5,2,28,4,0,12,3,0,0,0
2014,"Babencho",4,"Fished","After",0,0,0,0,0,0,0,2,17,0,0,17,8,0,0,0
2014,"Babencho",5,"Fished","After",0,1,0,0,0,0,0,0,18,0,0,1,0,0,0,0
2014,"Babencho",6,"Fished","After",0,0,0,0,0,0,0,6,15,2,1,25,1,0,0,1
2014,"Babencho",7,"Fished","After",0,0,0,1,0,0,0,0,50,4,0,1,1,0,0,0
2014,"Babencho",8,"Fished","After",0,0,0,0,0,0,0,4,44,0,0,14,0,0,0,0
2014,"Babencho",9,"Fished","After",0,2,0,0,0,0,0,0,42,5,0,17,2,0,0,0
2014,"Babencho",10,"Fished","After",0,3,0,0,0,0,0,0,10,2,0,1,1,0,0,0
2014,"Babencho",11,"Fished","After",0,1,0,0,0,0,0,0,10,1,0,6,0,0,1,0
2014,"Babencho",12,"Fished","After",0,0,0,1,0,0,0,0,25,1,0,4,2,0,0,0
2014,"Babencho",13,"Fished","After",0,0,0,0,0,0,0,0,4,0,0,10,0,0,0,0
2014,"Babencho",14,"Fished","After",0,4,0,0,0,0,0,0,4,0,0,19,0,0,0,0
2014,"Babencho",15,"Fished","After",0,0,0,1,0,0,0,0,10,2,0,1,0,0,0,0
2014,"Babencho",16,"Fished","After",0,0,0,0,0,0,0,0,29,0,0,11,1,0,0,0
2014,"Babencho",17,"Fished","After",0,0,0,0,0,2,0,1,6,0,0,2,0,0,0,0
2014,"Babencho",18,"Fished","After",0,0,0,1,0,0,0,0,12,2,0,1,1,0,0,0
2014,"Babencho",19,"Fished","After",0,2,0,0,0,0,0,0,11,1,0,7,0,0,0,0
2014,"Babencho",20,"Fished","After",0,2,0,0,0,0,4,11,19,1,0,4,2,0,0,0
2007,"LaBarrita",1,"Fished","Before",0,5,1,2,0,0,0,0,6,3,0,2,0,0,1,0
2007,"LaBarrita",2,"Fished","Before",0,1,0,0,0,0,0,0,0,1,0,3,0,0,0,3
2007,"LaBarrita",3,"Fished","Before",0,0,0,0,1,0,0,0,2,1,0,4,0,0,0,0
2007,"LaBarrita",4,"Fished","Before",0,0,0,0,0,0,0,0,0,0,0,5,2,0,0,0
2007,"LaBarrita",5,"Fished","Before",0,16,0,3,0,0,0,0,2,3,4,3,1,0,0,1
2007,"LaBarrita",6,"Fished","Before",0,2,2,0,2,0,0,0,0,2,0,1,0,0,0,0
2007,"LaBarrita",7,"Fished","Before",0,2,0,2,0,0,0,0,1,1,1,2,1,0,0,0
2007,"LaBarrita",8,"Fished","Before",0,0,1,0,0,0,0,0,0,0,0,2,1,0,0,0
2007,"LaBarrita",9,"Fished","Before",0,5,0,3,0,0,0,0,3,2,7,7,4,0,0,2
2007,"LaBarrita",10,"Fished","Before",0,0,0,0,0,0,0,0,0,0,0,11,0,0,1,0
2007,"LaBarrita",11,"Fished","Before",0,0,0,0,0,0,0,0,3,0,0,3,0,0,0,0
2007,"LaBarrita",12,"Fished","Before",0,0,0,0,0,0,0,0,0,0,0,3,0,0,0,0
2007,"LaBarrita",13,"Fished","Before",0,7,1,2,0,0,0,0,5,1,0,1,3,0,0,0
2007,"LaBarrita",14,"Fished","Before",0,3,0,0,0,0,0,1,3,2,0,4,0,0,0,1
2007,"LaBarrita",15,"Fished","Before",0,0,0,0,0,0,0,0,1,0,0,1,1,0,0,0
2007,"LaBarrita",16,"Fished","Before",0,2,0,2,0,0,0,0,3,1,0,2,2,0,0,0
2008,"LaBarrita",1,"Fished","Before",0,0,0,0,0,0,0,0,10,9,2,6,2,0,0,3
2008,"LaBarrita",2,"Fished","Before",0,2,0,2,0,0,0,0,8,5,11,2,0,0,0,1
2008,"LaBarrita",3,"Fished","Before",0,0,1,4,0,0,0,3,8,3,0,2,0,0,0,0
2008,"LaBarrita",4,"Fished","Before",0,0,2,0,0,0,0,0,4,2,0,1,0,0,1,0
2008,"LaBarrita",5,"Fished","Before",0,1,0,3,0,1,0,0,10,1,0,1,0,0,0,0
2008,"LaBarrita",6,"Fished","Before",0,2,1,0,3,0,0,0,3,5,0,8,3,0,0,1
2008,"LaBarrita",7,"Fished","Before",0,7,0,1,0,0,0,0,5,3,6,3,0,0,0,3
2008,"LaBarrita",8,"Fished","Before",0,1,0,1,3,0,0,0,4,6,0,11,0,0,0,0
2008,"LaBarrita",9,"Fished","Before",0,4,0,2,0,0,0,0,3,7,0,3,0,0,0,0
2008,"LaBarrita",10,"Fished","Before",0,2,2,3,0,0,0,0,4,3,0,10,1,0,0,0
2008,"LaBarrita",11,"Fished","Before",0,0,0,1,0,0,0,1,3,0,0,15,0,0,0,0
2008,"LaBarrita",12,"Fished","Before",0,0,0,1,0,0,0,0,8,5,0,18,0,0,2,0
2008,"LaBarrita",13,"Fished","Before",1,0,1,2,0,0,1,1,12,6,0,2,3,0,0,2
2008,"LaBarrita",14,"Fished","Before",0,0,0,0,1,0,0,0,4,3,2,2,2,0,0,0
2008,"LaBarrita",15,"Fished","Before",0,2,1,0,0,0,0,0,3,1,0,10,1,0,0,0
2008,"LaBarrita",16,"Fished","Before",0,0,0,1,1,1,0,1,5,6,0,2,0,0,0,0
2008,"LaBarrita",17,"Fished","Before",0,0,1,1,0,0,0,0,0,7,0,2,0,0,0,1
2008,"LaBarrita",18,"Fished","Before",3,0,0,0,0,0,0,0,4,1,0,5,0,0,0,0
2008,"LaBarrita",19,"Fished","Before",0,0,0,0,0,0,0,0,0,3,0,4,0,0,0,0
2008,"LaBarrita",20,"Fished","Before",0,3,0,0,0,0,4,0,6,2,1,4,4,0,0,0
2009,"LaBarrita",1,"Fished","After",0,3,0,2,0,0,0,0,15,4,1,4,0,1,0,1
2009,"LaBarrita",2,"Fished","After",1,3,1,1,1,0,0,0,2,3,0,2,0,1,0,0
2009,"LaBarrita",3,"Fished","After",1,2,0,0,0,0,0,0,0,5,0,2,1,0,1,0
2009,"LaBarrita",4,"Fished","After",1,2,1,1,0,0,0,0,3,4,0,0,0,0,0,0
2009,"LaBarrita",5,"Fished","After",0,5,0,0,0,0,0,0,4,2,2,37,1,0,0,0
2009,"LaBarrita",6,"Fished","After",0,0,0,0,0,0,0,0,2,0,0,0,0,0,0,0
2009,"LaBarrita",7,"Fished","After",0,6,3,3,0,1,0,0,6,3,3,0,5,0,0,6
2009,"LaBarrita",8,"Fished","After",1,2,1,2,0,0,0,0,6,5,0,4,4,0,0,2
2009,"LaBarrita",9,"Fished","After",0,0,0,0,0,0,0,0,3,2,0,0,0,0,0,0
2009,"LaBarrita",10,"Fished","After",0,6,0,1,0,0,9,0,5,2,0,0,5,0,1,1
2009,"LaBarrita",11,"Fished","After",0,0,0,0,0,0,0,0,1,0,0,0,1,0,0,0
2009,"LaBarrita",12,"Fished","After",0,1,0,1,0,0,0,0,18,0,1,1,10,0,0,0
2009,"LaBarrita",13,"Fished","After",0,0,1,0,0,0,0,0,1,0,0,0,0,0,0,0
2009,"LaBarrita",14,"Fished","After",0,3,3,1,0,0,0,0,6,2,0,0,9,0,0,2
2009,"LaBarrita",15,"Fished","After",0,0,0,0,1,0,0,0,2,0,0,0,0,0,0,0
2009,"LaBarrita",16,"Fished","After",0,1,1,0,0,1,3,0,14,4,1,1,0,0,0,1
2009,"LaBarrita",17,"Fished","After",2,0,0,0,5,0,0,0,2,6,0,3,0,0,0,0
2009,"LaBarrita",18,"Fished","After",0,2,0,0,0,0,0,0,11,3,2,2,0,0,0,0
2009,"LaBarrita",19,"Fished","After",0,0,0,0,0,0,0,0,0,2,0,3,0,0,0,0
2009,"LaBarrita",20,"Fished","After",0,14,0,1,0,0,0,0,11,2,0,8,1,0,0,0
2009,"LaBarrita",21,"Fished","After",0,0,0,0,2,0,0,0,0,3,0,4,0,0,0,1
2009,"LaBarrita",22,"Fished","After",0,0,0,1,0,0,0,0,7,2,0,6,3,0,0,1
2009,"LaBarrita",23,"Fished","After",0,0,0,0,0,0,0,0,0,0,0,1,0,0,0,0
2009,"LaBarrita",24,"Fished","After",0,2,0,1,0,0,0,0,9,5,2,4,1,0,0,1
2009,"LaBarrita",25,"Fished","After",0,0,0,1,3,1,0,0,0,1,2,0,0,0,0,2
2006,"LaDulce",1,"Fished","Before",0,5,0,6,0,0,2,20,100,3,11,0,6,0,0,8
2006,"LaDulce",2,"Fished","Before",0,3,0,1,0,0,0,16,375,6,3,8,3,0,0,1
2006,"LaDulce",3,"Fished","Before",0,2,0,18,2,0,0,0,500,1,22,6,4,0,0,14
2006,"LaDulce",4,"Fished","Before",0,1,0,10,0,0,0,0,300,1,7,1,1,0,0,3
2006,"LaDulce",5,"Fished","Before",0,1,0,6,0,0,0,0,250,0,11,0,2,0,0,9
2006,"LaDulce",6,"Fished","Before",0,2,0,0,0,0,0,16,150,4,2,13,0,0,0,1
2006,"LaDulce",7,"Fished","Before",0,4,0,1,0,0,0,9,115,2,0,6,4,0,1,0
2006,"LaDulce",8,"Fished","Before",0,0,1,0,0,1,0,3,750,3,0,4,0,0,0,0
2006,"LaDulce",9,"Fished","Before",0,0,0,0,2,0,0,0,500,1,0,0,0,0,0,0
2006,"LaDulce",10,"Fished","Before",0,0,2,0,0,0,0,0,750,0,0,0,0,0,0,0
2006,"LaDulce",11,"Fished","Before",0,1,0,1,0,0,0,1,150,5,0,0,1,0,0,0
2006,"LaDulce",12,"Fished","Before",0,0,0,0,0,0,0,0,150,1,1,6,0,0,0,0
2007,"LaDulce",1,"Fished","Before",0,5,0,1,0,0,0,8,300,2,0,5,2,0,0,2
2007,"LaDulce",2,"Fished","Before",0,2,0,0,3,0,0,4,136,1,2,3,0,0,1,0
2007,"LaDulce",3,"Fished","Before",1,1,0,1,0,0,0,0,214,4,1,0,3,0,0,2
2007,"LaDulce",4,"Fished","Before",3,0,0,1,0,0,0,0,115,1,2,10,0,0,0,0
2007,"LaDulce",5,"Fished","Before",0,6,0,2,0,0,0,4,150,1,6,12,2,0,0,0
2007,"LaDulce",6,"Fished","Before",0,1,0,0,1,0,0,1,115,1,1,1,0,0,0,0
2007,"LaDulce",7,"Fished","Before",1,14,0,4,0,0,0,0,136,7,0,2,2,0,0,4
2007,"LaDulce",8,"Fished","Before",0,3,0,3,0,0,0,0,63,6,0,1,0,0,0,0
2007,"LaDulce",9,"Fished","Before",0,2,0,4,0,0,0,4,214,5,2,2,3,0,0,2
2007,"LaDulce",10,"Fished","Before",0,0,0,0,0,0,0,0,300,0,0,2,0,0,0,0
2007,"LaDulce",11,"Fished","Before",0,4,0,2,0,0,0,0,250,0,9,3,6,0,1,1
2007,"LaDulce",12,"Fished","Before",0,0,0,0,0,0,0,0,115,1,0,8,0,0,1,0
2007,"LaDulce",13,"Fished","Before",0,11,0,1,0,0,0,7,33,5,4,3,0,0,1,3
2007,"LaDulce",14,"Fished","Before",0,1,0,0,0,0,0,0,167,2,0,3,0,0,1,0
2007,"LaDulce",15,"Fished","Before",0,8,0,1,0,0,0,0,25,2,0,2,4,0,1,0
2007,"LaDulce",16,"Fished","Before",1,5,0,2,1,0,0,0,100,1,0,3,2,0,1,0
2008,"LaDulce",1,"Fished","Before",0,3,0,0,1,0,0,2,150,1,7,1,7,2,0,16
2008,"LaDulce",2,"Fished","Before",0,1,0,0,0,0,0,6,209,5,7,1,2,0,0,4
2008,"LaDulce",3,"Fished","Before",0,0,0,0,0,0,0,11,31,0,2,1,1,0,0,0
2008,"LaDulce",4,"Fished","Before",1,0,0,1,0,0,0,2,450,1,2,4,3,0,0,0
2008,"LaDulce",5,"Fished","Before",1,13,2,8,1,0,2,5,36,2,0,1,5,0,0,0
2008,"LaDulce",6,"Fished","Before",2,19,1,2,0,0,0,33,8,4,0,1,9,0,2,3
2008,"LaDulce",7,"Fished","Before",7,4,0,2,0,0,1,9,510,5,7,4,4,0,1,1
2008,"LaDulce",8,"Fished","Before",5,1,0,4,0,0,0,17,102,2,3,1,4,0,0,1
2008,"LaDulce",9,"Fished","Before",6,3,0,2,0,0,3,31,300,3,8,5,1,0,0,5
2008,"LaDulce",10,"Fished","Before",4,4,1,6,0,2,1,43,450,3,25,2,5,0,0,21
2008,"LaDulce",11,"Fished","Before",2,5,0,2,6,0,0,0,30,1,2,2,5,1,0,8
2008,"LaDulce",12,"Fished","Before",15,4,1,1,0,0,0,3,75,6,0,1,2,0,0,1
2008,"LaDulce",13,"Fished","Before",0,0,0,0,3,0,0,6,409,7,0,3,2,0,0,0
2008,"LaDulce",14,"Fished","Before",2,1,0,0,2,0,0,0,180,4,1,2,1,0,0,2
2008,"LaDulce",15,"Fished","Before",4,0,2,3,1,0,0,45,3,0,0,13,0,0,0,0
2008,"LaDulce",16,"Fished","Before",4,0,0,0,1,0,0,0,600,1,0,6,0,0,0,0
2009,"LaDulce",1,"Fished","After",0,7,0,0,0,0,13,12,107,2,0,7,5,0,0,0
2009,"LaDulce",2,"Fished","After",1,8,0,0,0,0,2,4,238,0,0,4,5,0,0,1
2009,"LaDulce",3,"Fished","After",2,1,2,0,0,0,0,5,88,4,0,6,10,0,0,1
2009,"LaDulce",4,"Fished","After",6,0,0,0,0,3,0,7,83,0,0,11,0,0,0,0
2009,"LaDulce",5,"Fished","After",2,3,0,1,0,0,6,14,34,0,0,4,2,0,0,0
2009,"LaDulce",6,"Fished","After",4,6,1,0,0,0,2,18,48,7,2,1,6,0,0,0
2009,"LaDulce",7,"Fished","After",0,4,0,0,0,0,0,10,41,2,15,2,8,0,0,0
2009,"LaDulce",8,"Fished","After",0,5,0,0,0,0,0,12,150,5,0,1,2,0,0,0
2009,"LaDulce",9,"Fished","After",3,4,1,0,0,0,9,11,150,1,0,2,3,0,0,1
2009,"LaDulce",10,"Fished","After",9,15,0,2,0,12,12,14,375,2,1,1,2,0,0,2
2009,"LaDulce",11,"Fished","After",0,3,2,1,0,0,0,0,100,2,0,1,18,0,1,0
2009,"LaDulce",12,"Fished","After",1,1,1,0,0,0,0,3,79,1,0,1,0,0,0,0
2009,"LaDulce",13,"Fished","After",2,0,0,0,0,0,3,10,107,1,3,6,7,0,0,0
2009,"LaDulce",14,"Fished","After",5,2,0,0,0,0,0,2,150,3,2,4,1,0,0,0
2009,"LaDulce",15,"Fished","After",1,4,0,0,0,1,5,5,40,9,6,4,4,0,0,2
2009,"LaDulce",16,"Fished","After",2,5,0,0,0,2,0,6,47,0,0,1,5,0,0,0
2009,"LaDulce",17,"Fished","After",4,2,0,0,2,0,0,4,231,3,0,4,2,0,0,0
2009,"LaDulce",18,"Fished","After",2,4,0,0,2,2,0,2,107,7,0,0,0,0,0,0
2009,"LaDulce",19,"Fished","After",1,5,0,0,0,0,3,18,300,4,2,2,1,0,0,0
2009,"LaDulce",20,"Fished","After",0,0,0,3,1,0,0,5,20,7,1,3,5,0,0,7
2009,"LaDulce",21,"Fished","After",8,7,2,1,0,0,0,14,250,6,0,1,1,0,0,0
2009,"LaDulce",22,"Fished","After",1,7,0,0,0,0,1,14,250,2,1,0,0,0,0,1
2009,"LaDulce",23,"Fished","After",17,6,2,0,4,11,0,10,375,9,2,8,0,0,0,1
2009,"LaDulce",24,"Fished","After",1,7,0,5,0,0,0,6,214,4,0,0,6,0,0,1
2009,"LaDulce",25,"Fished","After",5,1,0,1,1,0,0,6,79,19,1,8,1,0,0,0
2010,"LaDulce",1,"Fished","After",0,3,0,0,0,1,0,6,125,0,0,2,1,0,0,0
2010,"LaDulce",2,"Fished","After",0,6,0,0,0,0,0,8,188,4,1,5,0,0,0,0
2010,"LaDulce",3,"Fished","After",1,3,0,0,0,0,0,3,167,0,1,0,1,0,0,0
2010,"LaDulce",4,"Fished","After",1,1,0,0,0,0,0,1,136,0,0,0,0,0,0,1
2010,"LaDulce",5,"Fished","After",6,6,0,1,0,0,0,3,107,0,0,3,5,0,0,0
2010,"LaDulce",6,"Fished","After",3,0,0,0,0,0,0,0,10,1,0,0,0,0,0,0
2010,"LaDulce",7,"Fished","After",5,5,0,0,0,0,1,15,214,0,1,0,3,0,0,0
2010,"LaDulce",8,"Fished","After",6,2,0,0,0,0,0,3,69,2,0,0,0,0,0,1
2010,"LaDulce",9,"Fished","After",2,3,0,0,1,0,0,6,10,1,0,0,1,0,0,0
2010,"LaDulce",10,"Fished","After",13,2,1,0,0,1,0,7,18,2,0,0,0,0,0,0
2010,"LaDulce",11,"Fished","After",12,3,0,0,0,2,0,52,107,0,0,0,2,0,0,2
2010,"LaDulce",12,"Fished","After",7,5,0,2,0,0,0,18,60,0,0,0,1,0,0,1
2010,"LaDulce",13,"Fished","After",3,8,0,1,0,0,0,11,60,1,1,0,3,0,1,1
2010,"LaDulce",14,"Fished","After",4,13,0,0,0,0,0,7,188,2,1,0,3,0,0,0
2010,"LaDulce",15,"Fished","After",6,2,0,0,0,0,0,3,32,0,0,0,2,0,1,0
2010,"LaDulce",16,"Fished","After",8,19,0,0,0,0,0,0,13,1,0,2,2,0,0,3
2010,"LaDulce",17,"Fished","After",17,4,0,0,0,0,0,4,27,0,0,0,1,0,0,0
2010,"LaDulce",18,"Fished","After",6,4,1,0,0,1,17,13,68,2,2,14,3,0,0,1
2010,"LaDulce",19,"Fished","After",0,4,0,0,0,0,6,36,100,0,0,0,3,0,0,0
2010,"LaDulce",20,"Fished","After",0,0,0,0,0,0,0,12,136,0,0,1,5,0,1,0
2010,"LaDulce",21,"Fished","After",4,1,0,0,0,0,0,5,27,0,0,2,2,0,0,0
2010,"LaDulce",22,"Fished","After",3,0,2,0,0,0,0,11,64,1,0,1,5,0,0,0
2010,"LaDulce",23,"Fished","After",2,0,0,0,0,0,0,20,10,0,0,0,0,0,0,0
2010,"LaDulce",24,"Fished","After",0,5,0,0,0,0,0,100,115,0,0,0,4,0,0,3
2010,"LaDulce",25,"Fished","After",1,1,0,1,0,0,0,7,83,0,0,0,2,0,0,0
2010,"LaDulce",26,"Fished","After",5,5,1,1,0,2,0,18,45,0,0,2,2,0,0,4
2010,"LaDulce",27,"Fished","After",1,1,0,1,0,0,1,31,59,0,0,0,2,0,0,0
2011,"LaDulce",1,"Fished","After",0,1,0,0,0,0,0,9,107,0,2,0,4,0,0,0
2011,"LaDulce",2,"Fished","After",0,0,0,0,0,0,0,0,500,4,0,0,0,0,0,0
2011,"LaDulce",3,"Fished","After",1,0,0,0,0,0,0,0,375,0,0,0,1,0,0,0
2011,"LaDulce",4,"Fished","After",2,0,0,0,0,0,0,0,125,0,0,0,0,0,0,0
2011,"LaDulce",5,"Fished","After",1,1,0,0,1,0,0,5,40,1,0,0,2,0,0,7
2011,"LaDulce",6,"Fished","After",1,0,0,0,0,0,0,0,13,4,0,17,0,0,0,2
2011,"LaDulce",7,"Fished","After",1,1,0,0,0,0,0,12,150,1,1,3,0,0,0,0
2011,"LaDulce",8,"Fished","After",4,2,0,0,0,0,0,1,375,2,0,2,0,0,0,0
2011,"LaDulce",9,"Fished","After",6,1,0,0,0,0,1,10,73,0,0,2,2,0,0,0
2011,"LaDulce",10,"Fished","After",4,4,0,0,0,0,0,10,108,3,0,5,4,0,0,0
2011,"LaDulce",11,"Fished","After",26,4,0,0,0,1,3,24,84,3,4,1,1,0,0,2
2011,"LaDulce",12,"Fished","After",4,1,0,0,0,2,1,10,65,2,0,9,0,0,0,0
2011,"LaDulce",13,"Fished","After",8,4,0,0,0,0,3,0,106,1,0,22,0,0,0,1
2011,"LaDulce",14,"Fished","After",12,4,0,0,0,0,3,58,160,0,0,3,7,0,0,1
2011,"LaDulce",15,"Fished","After",0,0,0,0,0,0,1,26,76,0,0,1,2,0,0,0
2011,"LaDulce",16,"Fished","After",0,1,0,0,0,0,0,1,107,0,0,1,3,2,0,0
2011,"LaDulce",17,"Fished","After",0,0,0,0,0,0,0,2,15,0,0,1,8,2,0,0
2011,"LaDulce",18,"Fished","After",0,3,0,1,0,0,1,13,416,1,0,1,4,0,0,0
2011,"LaDulce",19,"Fished","After",1,2,0,0,0,0,0,0,187,0,0,1,0,0,0,0
2011,"LaDulce",20,"Fished","After",0,3,0,0,0,0,0,0,45,0,0,3,0,0,0,1
2011,"LaDulce",21,"Fished","After",0,2,0,0,0,0,0,0,136,2,2,2,1,0,0,0
2011,"LaDulce",22,"Fished","After",0,3,0,0,0,0,0,0,100,1,0,3,0,0,0,0
2011,"LaDulce",23,"Fished","After",0,6,0,0,0,0,0,0,136,2,1,1,0,0,0,0
2011,"LaDulce",24,"Fished","After",1,3,0,0,0,0,0,0,40,2,0,1,3,0,1,2
2011,"LaDulce",25,"Fished","After",2,3,0,0,0,0,0,0,87,3,0,6,8,0,1,0
2012,"LaDulce",1,"Fished","After",0,10,0,2,0,0,0,65,365,3,0,3,16,0,0,1
2012,"LaDulce",2,"Fished","After",0,6,0,0,0,0,0,30,272,1,1,7,2,0,0,2
2012,"LaDulce",3,"Fished","After",1,16,0,0,0,0,0,25,250,12,0,3,3,0,0,0
2012,"LaDulce",4,"Fished","After",0,12,0,0,1,0,0,23,187,12,1,18,3,0,0,0
2012,"LaDulce",5,"Fished","After",9,5,0,0,0,3,0,3,125,1,0,32,3,0,0,0
2012,"LaDulce",6,"Fished","After",4,0,0,2,7,0,0,0,150,4,0,1,7,0,0,0
2012,"LaDulce",7,"Fished","After",12,19,0,2,0,3,0,42,300,3,4,3,2,0,0,5
2012,"LaDulce",8,"Fished","After",3,4,1,0,0,0,0,15,166,0,3,1,4,0,0,2
2012,"LaDulce",9,"Fished","After",11,5,0,0,0,0,0,13,115,2,0,3,2,0,0,0
2012,"LaDulce",10,"Fished","After",10,9,0,0,0,0,0,31,100,3,0,3,4,0,1,0
2012,"LaDulce",11,"Fished","After",0,2,0,0,0,0,0,51,306,1,12,4,4,0,0,3
2012,"LaDulce",12,"Fished","After",0,6,0,0,0,0,0,102,122,5,3,3,1,0,0,3
2012,"LaDulce",13,"Fished","After",6,0,0,0,0,0,0,9,375,2,4,7,0,0,0,5
2012,"LaDulce",14,"Fished","After",4,2,1,1,0,0,0,10,176,0,2,7,0,0,0,0
2012,"LaDulce",15,"Fished","After",6,11,0,2,0,0,0,13,35,3,0,3,0,0,0,0
2012,"LaDulce",16,"Fished","After",30,7,0,0,0,0,0,20,107,2,0,7,4,0,0,0
2012,"LaDulce",17,"Fished","After",10,1,0,0,0,0,0,6,75,0,0,3,0,0,0,0
2012,"LaDulce",18,"Fished","After",17,2,0,0,1,0,0,11,71,1,0,7,0,0,0,0
2012,"LaDulce",19,"Fished","After",2,5,0,0,0,0,0,10,25,0,0,2,5,1,0,0
2012,"LaDulce",20,"Fished","After",0,6,0,0,0,0,0,15,20,0,0,2,5,5,0,0
2012,"LaDulce",21,"Fished","After",0,3,0,0,0,0,0,9,29,0,0,1,10,3,0,0
2012,"LaDulce",22,"Fished","After",0,7,0,0,0,0,0,9,23,0,0,1,5,2,0,1
2012,"LaDulce",23,"Fished","After",0,6,0,0,0,0,0,100,50,0,0,20,2,0,0,0
2012,"LaDulce",24,"Fished","After",1,2,0,0,0,1,0,71,19,0,0,4,2,0,1,0
2013,"LaDulce",1,"Fished","After",0,2,0,0,0,0,0,14,250,0,0,6,0,0,0,0
2013,"LaDulce",2,"Fished","After",0,3,0,0,0,0,0,0,187,0,0,1,0,0,0,0
2013,"LaDulce",3,"Fished","After",0,25,0,0,0,0,0,20,71,0,0,1,2,0,0,0
2013,"LaDulce",4,"Fished","After",0,0,0,0,0,0,0,22,45,4,0,6,0,0,0,0
2013,"LaDulce",5,"Fished","After",0,0,0,0,0,0,0,2,13,1,0,5,4,0,0,75
2013,"LaDulce",6,"Fished","After",0,1,0,0,0,0,0,0,12,3,0,1,0,0,0,0
2013,"LaDulce",7,"Fished","After",0,8,0,0,0,0,0,12,10,0,0,5,5,0,0,0
2013,"LaDulce",8,"Fished","After",0,0,0,0,1,0,0,0,25,5,0,7,0,0,0,0
2013,"LaDulce",9,"Fished","After",0,6,0,2,0,0,0,6,214,3,0,8,1,0,0,0
2013,"LaDulce",10,"Fished","After",0,6,0,0,0,0,0,5,107,1,0,2,0,0,0,0
2013,"LaDulce",11,"Fished","After",0,2,0,0,0,0,0,2,166,1,0,1,0,0,0,0
2013,"LaDulce",12,"Fished","After",0,3,0,0,0,0,0,1,115,0,0,3,0,0,0,0
2013,"LaDulce",13,"Fished","After",0,6,0,0,0,0,0,12,16,0,0,2,0,0,1,0
2013,"LaDulce",14,"Fished","After",0,2,0,0,0,0,0,9,15,0,0,0,0,0,0,0
2013,"LaDulce",15,"Fished","After",0,8,0,0,0,0,0,2,59,0,0,3,0,0,1,2
2013,"LaDulce",16,"Fished","After",0,5,0,0,0,0,0,0,30,0,0,3,0,0,0,0
2013,"LaDulce",17,"Fished","After",0,0,0,0,0,0,0,15,51,0,0,17,1,0,0,0
2013,"LaDulce",18,"Fished","After",0,7,0,3,1,0,0,0,150,0,1,0,0,0,0,0
2013,"LaDulce",19,"Fished","After",0,0,0,0,0,0,0,15,5,0,0,0,3,0,1,0
2013,"LaDulce",20,"Fished","After",0,25,0,0,0,0,0,0,20,2,0,0,0,0,0,0
2014,"LaDulce",1,"Fished","After",0,1,1,0,0,0,0,11,18,0,0,4,2,0,0,0
2014,"LaDulce",2,"Fished","After",0,1,0,0,0,0,0,0,50,0,0,0,0,0,0,2
2014,"LaDulce",3,"Fished","After",0,1,1,0,0,0,0,3,20,0,0,0,0,0,0,0
2014,"LaDulce",4,"Fished","After",0,3,0,0,0,1,0,0,39,0,0,0,0,0,0,1
2014,"LaDulce",5,"Fished","After",0,1,1,0,0,1,0,0,29,0,0,0,0,0,0,0
2014,"LaDulce",6,"Fished","After",0,2,0,0,0,0,0,0,50,0,0,7,0,0,0,0
2014,"LaDulce",7,"Fished","After",0,2,0,0,0,0,1,5,37,0,0,0,1,0,0,0
2014,"LaDulce",8,"Fished","After",0,9,0,0,0,0,0,0,50,0,0,0,2,0,3,0
2014,"LaDulce",9,"Fished","After",0,2,1,0,0,0,0,4,50,0,0,0,0,0,0,0
2014,"LaDulce",10,"Fished","After",0,8,1,0,0,0,0,18,50,0,0,0,1,0,0,0
2014,"LaDulce",11,"Fished","After",0,3,0,0,0,0,0,0,50,0,0,1,0,0,0,0
2014,"LaDulce",12,"Fished","After",0,4,0,0,0,0,0,0,16,0,0,0,0,0,0,0
2014,"LaDulce",13,"Fished","After",0,2,0,0,0,0,0,0,25,0,0,0,0,0,0,0
2014,"LaDulce",14,"Fished","After",0,4,0,0,0,0,0,0,50,0,0,8,0,0,0,0
2014,"LaDulce",15,"Fished","After",0,14,0,0,0,0,0,0,50,0,0,21,0,0,2,0
2014,"LaDulce",16,"Fished","After",0,8,0,0,0,0,4,0,50,0,0,0,1,0,0,0
2014,"LaDulce",17,"Fished","After",0,14,0,0,0,0,0,3,50,1,0,10,0,0,2,0
2014,"LaDulce",18,"Fished","After",0,5,0,0,0,0,0,1,50,0,0,0,0,0,0,0
2007,"LaGuanera",1,"Fished","Before",0,19,2,0,0,0,0,2,56,1,1,5,0,0,0,2
2007,"LaGuanera",2,"Fished","Before",0,8,0,1,0,0,0,0,38,0,1,0,1,0,0,0
2007,"LaGuanera",3,"Fished","Before",0,2,1,5,0,0,0,2,45,1,0,28,1,0,0,1
2007,"LaGuanera",4,"Fished","Before",0,8,0,3,0,0,0,0,15,1,0,0,2,0,0,1
2007,"LaGuanera",5,"Fished","Before",0,16,0,1,0,0,0,2,13,1,27,0,1,0,0,3
2007,"LaGuanera",6,"Fished","Before",0,2,0,2,0,0,0,0,25,1,3,0,3,0,0,5
2007,"LaGuanera",7,"Fished","Before",0,20,0,1,0,0,0,0,12,2,0,0,6,0,1,4
2007,"LaGuanera",8,"Fished","Before",0,8,0,3,1,0,0,2,8,2,0,0,6,0,0,0
2007,"LaGuanera",9,"Fished","Before",0,2,0,6,0,0,0,0,38,0,0,4,3,0,0,1
2007,"LaGuanera",10,"Fished","Before",0,2,0,1,0,0,0,0,13,0,0,8,1,0,0,0
2007,"LaGuanera",11,"Fished","Before",0,4,0,2,0,0,0,0,12,0,0,0,1,0,0,0
2007,"LaGuanera",12,"Fished","Before",0,0,0,2,0,0,0,0,14,1,0,0,2,0,0,1
2007,"LaGuanera",13,"Fished","Before",0,3,1,2,0,0,0,0,79,1,4,1,1,0,0,1
2007,"LaGuanera",14,"Fished","Before",0,1,1,4,0,0,0,1,36,0,0,0,0,0,0,0
2007,"LaGuanera",15,"Fished","Before",0,12,0,3,0,0,0,1,18,2,0,0,1,0,0,0
2008,"LaGuanera",1,"Fished","Before",2,0,0,0,1,0,0,0,27,0,0,1,3,0,0,0
2008,"LaGuanera",2,"Fished","Before",0,8,1,12,0,0,0,0,88,5,4,3,3,0,0,3
2008,"LaGuanera",3,"Fished","Before",0,0,0,0,0,0,0,0,30,1,0,5,0,0,0,0
2008,"LaGuanera",4,"Fished","Before",0,2,0,2,0,0,0,0,6,0,2,3,0,0,0,0
2008,"LaGuanera",5,"Fished","Before",0,33,1,5,0,0,0,5,23,0,0,1,1,0,0,2
2008,"LaGuanera",6,"Fished","Before",0,0,0,1,0,0,0,0,9,1,0,2,0,0,0,0
2008,"LaGuanera",7,"Fished","Before",0,0,0,0,0,0,0,1,28,3,0,15,1,0,0,0
2008,"LaGuanera",8,"Fished","Before",0,0,0,5,0,0,0,2,35,2,4,14,2,0,0,1
2008,"LaGuanera",9,"Fished","Before",0,0,1,1,0,1,0,0,27,0,0,1,2,0,0,0
2008,"LaGuanera",10,"Fished","Before",0,17,0,7,0,4,0,0,43,4,7,2,8,0,0,1
2008,"LaGuanera",11,"Fished","Before",2,31,11,1,0,0,0,0,75,1,0,1,3,0,1,2
2008,"LaGuanera",12,"Fished","Before",0,2,0,2,3,0,0,0,32,4,1,3,4,0,0,5
2008,"LaGuanera",13,"Fished","Before",0,0,0,0,6,0,0,0,5,0,0,6,0,0,0,0
2008,"LaGuanera",14,"Fished","Before",0,2,0,0,3,0,0,0,0,0,1,3,0,0,0,1
2008,"LaGuanera",15,"Fished","Before",0,4,2,1,0,0,0,2,5,0,0,3,0,0,0,0
2008,"LaGuanera",16,"Fished","Before",0,0,0,0,2,0,0,0,19,0,0,12,1,0,0,2
2008,"LaGuanera",17,"Fished","Before",0,0,0,2,0,0,0,0,16,0,0,2,0,0,0,0
2008,"LaGuanera",18,"Fished","Before",0,0,0,0,0,0,0,0,7,0,0,2,0,0,0,0
2008,"LaGuanera",19,"Fished","Before",0,0,0,0,0,0,0,0,29,0,0,2,1,0,0,0
2008,"LaGuanera",20,"Fished","Before",0,2,2,1,0,0,0,1,13,2,0,13,2,0,0,0
2008,"LaGuanera",21,"Fished","Before",0,0,0,0,0,0,0,0,3,0,0,3,1,0,0,0
2009,"LaGuanera",1,"Fished","After",0,6,0,2,0,0,0,1,58,2,0,1,6,0,0,3
2009,"LaGuanera",2,"Fished","After",0,0,0,0,0,0,0,0,13,0,1,1,0,0,0,0
2009,"LaGuanera",3,"Fished","After",0,3,1,1,3,2,0,3,107,4,1,3,1,0,0,1
2009,"LaGuanera",4,"Fished","After",0,3,0,2,0,0,0,0,10,5,0,5,0,0,0,0
2009,"LaGuanera",5,"Fished","After",0,4,0,0,0,0,0,2,108,2,1,2,1,0,0,0
2009,"LaGuanera",6,"Fished","After",0,1,1,0,0,0,0,0,4,0,0,51,0,0,0,0
2009,"LaGuanera",7,"Fished","After",0,4,0,2,0,0,1,0,55,1,0,3,1,0,0,0
2009,"LaGuanera",8,"Fished","After",0,0,0,0,0,0,0,0,12,0,0,2,0,0,0,0
2009,"LaGuanera",9,"Fished","After",1,3,0,0,0,0,0,4,39,2,0,1,4,0,0,0
2009,"LaGuanera",10,"Fished","After",3,3,2,0,4,0,0,0,19,4,0,7,0,0,1,0
2009,"LaGuanera",11,"Fished","After",0,4,0,2,0,0,0,3,22,0,0,1,1,0,0,2
2009,"LaGuanera",12,"Fished","After",0,0,3,2,0,0,0,0,5,1,0,4,0,0,0,0
2009,"LaGuanera",13,"Fished","After",0,19,6,3,0,0,0,0,43,5,1,1,2,0,0,2
2009,"LaGuanera",14,"Fished","After",0,0,0,0,0,1,0,0,5,1,0,5,0,0,0,0
2009,"LaGuanera",15,"Fished","After",0,4,5,1,0,0,1,1,83,1,0,1,1,0,0,0
2009,"LaGuanera",16,"Fished","After",0,3,2,4,1,0,1,2,35,3,0,2,0,0,0,0
2009,"LaGuanera",17,"Fished","After",0,2,0,0,0,0,0,0,22,7,0,1,0,0,0,0
2009,"LaGuanera",18,"Fished","After",0,4,3,1,0,0,0,0,33,6,1,2,1,0,0,1
2009,"LaGuanera",19,"Fished","After",0,2,2,0,0,0,0,1,62,1,0,2,0,0,0,0
2009,"LaGuanera",20,"Fished","After",0,1,0,1,0,0,0,0,15,3,0,3,0,0,0,0
2009,"LaGuanera",21,"Fished","After",0,2,5,0,0,0,0,1,88,2,0,3,0,0,0,0
2009,"LaGuanera",22,"Fished","After",2,3,5,0,0,0,0,2,23,0,0,9,0,0,0,0
2009,"LaGuanera",23,"Fished","After",0,3,2,2,0,0,0,10,62,1,0,16,2,0,0,1
2010,"LaGuanera",1,"Fished","After",0,2,6,0,0,0,0,2,125,2,0,2,2,0,0,0
2010,"LaGuanera",2,"Fished","After",0,0,0,0,0,0,0,0,15,1,0,5,1,0,0,0
2010,"LaGuanera",3,"Fished","After",0,4,2,1,0,0,0,0,115,1,0,2,5,0,0,0
2010,"LaGuanera",4,"Fished","After",0,4,5,0,0,0,0,0,53,7,0,9,5,0,0,0
2010,"LaGuanera",5,"Fished","After",2,5,4,1,2,2,0,2,3,10,1,8,6,0,0,1
2010,"LaGuanera",6,"Fished","After",0,0,0,0,0,0,0,0,10,0,0,3,0,0,0,0
2010,"LaGuanera",7,"Fished","After",0,3,0,1,0,0,0,0,45,3,2,1,1,0,0,0
2010,"LaGuanera",8,"Fished","After",0,2,1,0,0,0,1,6,44,0,0,3,1,0,0,0
2010,"LaGuanera",9,"Fished","After",0,23,0,2,0,0,3,3,46,3,0,1,3,0,0,0
2010,"LaGuanera",10,"Fished","After",0,16,0,0,0,0,0,5,16,0,3,1,4,0,0,0
2010,"LaGuanera",11,"Fished","After",0,7,1,0,0,0,0,1,20,0,0,1,1,0,0,0
2010,"LaGuanera",12,"Fished","After",3,40,0,0,0,0,0,13,75,0,0,1,2,0,0,0
2010,"LaGuanera",13,"Fished","After",0,1,0,0,0,0,0,0,23,0,0,11,0,0,0,0
2010,"LaGuanera",14,"Fished","After",0,27,3,0,0,0,1,2,25,0,0,20,3,0,0,1
2010,"LaGuanera",15,"Fished","After",0,2,1,1,0,0,0,3,24,2,0,13,2,0,0,0
2010,"LaGuanera",16,"Fished","After",1,5,1,0,0,2,0,2,13,1,0,16,0,0,0,0
2010,"LaGuanera",17,"Fished","After",0,10,5,1,2,2,3,4,6,4,0,17,9,0,0,3
2010,"LaGuanera",18,"Fished","After",0,8,0,0,0,0,0,5,25,0,0,11,3,0,0,4
2010,"LaGuanera",19,"Fished","After",0,3,0,2,0,0,0,3,41,0,0,10,0,0,0,0
2010,"LaGuanera",20,"Fished","After",0,16,0,0,0,0,0,2,6,0,0,1,2,0,0,0
2010,"LaGuanera",21,"Fished","After",0,3,0,1,0,0,0,0,5,0,0,0,0,0,0,1
2010,"LaGuanera",22,"Fished","After",0,3,0,1,0,0,2,2,27,1,0,0,3,0,0,0
2010,"LaGuanera",23,"Fished","After",3,2,0,3,0,0,0,0,33,3,0,0,3,0,0,0
2011,"LaGuanera",1,"Fished","After",3,1,0,0,0,0,0,1,93,0,0,0,1,0,0,0
2011,"LaGuanera",2,"Fished","After",0,9,0,2,0,0,0,1,105,4,0,0,7,0,0,0
2011,"LaGuanera",3,"Fished","After",0,1,0,0,0,0,0,1,75,0,0,1,1,0,0,0
2011,"LaGuanera",4,"Fished","After",0,0,0,2,0,0,0,0,35,2,0,2,1,0,0,0
2011,"LaGuanera",5,"Fished","After",1,0,0,1,0,0,1,0,10,0,0,0,0,0,0,0
2011,"LaGuanera",6,"Fished","After",0,3,0,2,1,0,0,0,3,5,0,12,6,0,0,0
2011,"LaGuanera",7,"Fished","After",0,9,1,0,0,0,1,1,64,0,0,7,2,0,0,0
2011,"LaGuanera",8,"Fished","After",0,23,0,2,0,1,0,2,56,2,1,20,7,0,0,0
2011,"LaGuanera",9,"Fished","After",0,0,0,0,0,0,0,2,31,3,0,0,0,0,0,0
2011,"LaGuanera",10,"Fished","After",0,10,0,3,0,0,0,4,32,2,0,13,6,0,0,0
2011,"LaGuanera",11,"Fished","After",0,5,0,0,0,0,0,0,9,0,0,0,1,0,0,0
2011,"LaGuanera",12,"Fished","After",0,3,0,3,0,0,0,0,5,5,0,0,0,0,0,0
2011,"LaGuanera",13,"Fished","After",0,36,0,1,0,0,0,0,28,2,0,1,3,0,0,1
2011,"LaGuanera",14,"Fished","After",0,16,0,0,0,0,0,1,52,0,0,0,0,0,0,0
2011,"LaGuanera",15,"Fished","After",0,26,0,1,1,0,2,0,17,2,1,0,3,0,0,3
2011,"LaGuanera",16,"Fished","After",5,12,1,0,0,0,0,0,12,3,0,0,1,0,0,0
2011,"LaGuanera",17,"Fished","After",0,4,0,1,0,0,2,0,20,0,1,1,3,0,0,0
2011,"LaGuanera",18,"Fished","After",0,8,0,2,0,0,0,1,29,1,0,16,0,0,0,0
2011,"LaGuanera",19,"Fished","After",0,1,0,1,0,0,0,1,5,0,0,18,0,0,0,1
2011,"LaGuanera",20,"Fished","After",0,12,1,1,0,1,4,0,24,3,0,1,1,0,0,0
2011,"LaGuanera",21,"Fished","After",1,17,0,0,0,0,1,0,18,3,0,1,2,0,0,1
2011,"LaGuanera",22,"Fished","After",0,9,0,1,0,0,0,1,21,2,0,0,0,0,0,0
2011,"LaGuanera",23,"Fished","After",0,5,0,0,0,0,0,0,25,3,0,7,9,0,0,0
2011,"LaGuanera",24,"Fished","After",0,10,0,0,0,0,0,3,20,7,0,7,0,0,0,0
2011,"LaGuanera",25,"Fished","After",0,31,0,0,0,0,0,0,16,0,0,0,0,0,0,2
2011,"LaGuanera",26,"Fished","After",0,26,0,1,0,0,0,0,46,1,0,0,1,0,0,0
2012,"LaGuanera",1,"Fished","After",0,7,0,0,0,0,0,2,75,2,0,15,0,0,0,0
2012,"LaGuanera",2,"Fished","After",0,45,0,0,0,0,0,4,150,4,0,0,4,0,0,0
2012,"LaGuanera",3,"Fished","After",0,0,5,0,0,0,0,1,125,2,0,8,3,0,0,0
2012,"LaGuanera",4,"Fished","After",0,3,6,3,0,0,0,0,214,7,0,0,3,0,0,0
2012,"LaGuanera",5,"Fished","After",0,24,6,1,0,0,0,0,75,8,0,0,0,0,0,0
2012,"LaGuanera",6,"Fished","After",0,0,2,0,0,0,0,2,100,2,0,0,0,0,0,0
2012,"LaGuanera",7,"Fished","After",0,7,2,0,0,3,0,3,15,6,0,1,4,0,0,0
2012,"LaGuanera",8,"Fished","After",0,3,2,0,0,0,0,0,16,3,0,0,2,0,0,7
2012,"LaGuanera",9,"Fished","After",0,2,0,3,0,0,0,1,29,0,0,36,0,0,0,0
2012,"LaGuanera",10,"Fished","After",0,0,0,0,0,0,0,0,23,1,0,0,0,0,0,0
2012,"LaGuanera",11,"Fished","After",0,0,0,0,0,0,0,2,62,2,0,1,0,0,0,0
2012,"LaGuanera",12,"Fished","After",0,25,0,4,0,0,0,4,75,3,2,3,4,0,0,1
2012,"LaGuanera",13,"Fished","After",0,7,1,2,0,0,0,2,75,1,3,5,2,0,0,0
2012,"LaGuanera",14,"Fished","After",0,3,0,1,0,0,1,1,36,0,0,3,3,0,0,1
2012,"LaGuanera",15,"Fished","After",0,5,0,1,0,0,0,0,10,5,2,11,4,0,0,2
2012,"LaGuanera",16,"Fished","After",1,2,0,1,1,0,0,1,53,0,0,2,1,0,0,4
2012,"LaGuanera",17,"Fished","After",0,0,0,0,0,0,0,3,51,1,0,2,0,0,0,0
2012,"LaGuanera",18,"Fished","After",0,39,0,1,0,0,0,0,10,0,0,2,3,0,0,0
2012,"LaGuanera",19,"Fished","After",0,11,0,1,0,0,0,0,16,2,4,3,1,0,0,3
2012,"LaGuanera",20,"Fished","After",0,20,1,0,0,1,0,0,16,2,1,4,1,0,0,0
2012,"LaGuanera",21,"Fished","After",0,11,0,0,0,0,0,0,58,1,0,5,0,0,0,0
2012,"LaGuanera",22,"Fished","After",0,10,3,2,0,1,0,0,150,0,0,4,4,0,0,0
2012,"LaGuanera",23,"Fished","After",0,5,2,1,0,0,0,0,125,1,0,19,1,0,0,1
2012,"LaGuanera",24,"Fished","After",3,14,2,2,0,0,1,2,166,0,0,6,1,0,0,0
2013,"LaGuanera",1,"Fished","After",0,6,0,0,0,0,0,3,4,0,0,11,0,0,0,0
2013,"LaGuanera",2,"Fished","After",0,11,0,0,0,0,0,8,5,0,0,150,0,0,0,0
2013,"LaGuanera",3,"Fished","After",0,4,0,0,0,0,0,2,3,1,0,5,0,0,0,0
2013,"LaGuanera",4,"Fished","After",0,0,0,0,0,0,0,0,11,0,0,7,0,0,0,0
2013,"LaGuanera",5,"Fished","After",0,4,0,0,0,0,0,1,7,0,0,5,0,0,0,0
2013,"LaGuanera",6,"Fished","After",0,4,2,1,0,0,1,1,13,0,0,5,0,0,0,0
2013,"LaGuanera",7,"Fished","After",0,4,0,0,0,0,0,3,14,0,0,10,0,0,0,0
2013,"LaGuanera",8,"Fished","After",0,6,0,0,0,0,0,14,30,0,0,18,0,0,0,0
2013,"LaGuanera",9,"Fished","After",0,3,0,2,0,0,0,4,25,4,0,7,1,0,0,0
2013,"LaGuanera",10,"Fished","After",0,1,0,1,0,0,0,1,7,0,0,8,0,0,0,0
2013,"LaGuanera",11,"Fished","After",0,2,0,1,0,0,0,0,13,1,0,2,0,0,0,0
2013,"LaGuanera",12,"Fished","After",0,1,0,0,0,0,0,22,8,1,0,4,0,0,0,0
2013,"LaGuanera",13,"Fished","After",0,3,0,0,0,0,0,12,3,2,0,7,0,0,0,0
2013,"LaGuanera",14,"Fished","After",0,0,1,0,0,0,0,2,14,0,0,1,0,0,0,0
2013,"LaGuanera",15,"Fished","After",0,5,0,1,2,0,0,2,65,1,0,1,0,0,0,0
2013,"LaGuanera",16,"Fished","After",0,13,0,2,1,0,0,2,25,7,0,6,0,0,0,0
2013,"LaGuanera",17,"Fished","After",0,2,0,0,0,0,0,2,11,1,0,3,1,0,0,0
2013,"LaGuanera",18,"Fished","After",0,0,0,0,0,0,0,5,0,0,0,8,0,0,0,0
2013,"LaGuanera",19,"Fished","After",0,5,0,1,0,0,0,1,4,2,0,17,0,0,0,0
2013,"LaGuanera",20,"Fished","After",0,0,2,1,0,0,0,0,15,1,0,25,0,0,0,0
2014,"LaGuanera",1,"Fished","After",0,1,0,0,0,0,0,5,13,2,0,4,0,0,0,0
2014,"LaGuanera",2,"Fished","After",0,0,0,0,0,0,0,0,5,0,0,6,0,0,0,0
2014,"LaGuanera",3,"Fished","After",0,2,0,0,0,0,0,9,3,0,0,3,0,0,0,0
2014,"LaGuanera",4,"Fished","After",0,2,0,3,0,0,0,1,10,0,0,2,0,0,0,0
2014,"LaGuanera",5,"Fished","After",0,0,0,0,0,0,0,1,3,0,0,1,0,0,0,0
2014,"LaGuanera",6,"Fished","After",0,13,0,0,0,0,0,0,2,1,0,2,0,0,0,0
2014,"LaGuanera",7,"Fished","After",0,0,0,0,0,0,0,0,1,0,0,5,0,0,0,0
2014,"LaGuanera",8,"Fished","After",0,0,0,0,0,0,0,0,7,1,0,17,0,0,0,0
2014,"LaGuanera",9,"Fished","After",0,11,2,5,0,0,0,2,15,1,0,12,0,0,0,0
2014,"LaGuanera",10,"Fished","After",0,7,7,1,0,0,0,0,6,0,0,1,0,0,0,0
2014,"LaGuanera",11,"Fished","After",0,0,1,1,0,2,0,1,10,0,0,2,0,0,0,0
2014,"LaGuanera",12,"Fished","After",0,2,0,1,0,0,0,0,14,0,0,5,0,0,0,0
2014,"LaGuanera",13,"Fished","After",0,0,0,0,0,0,0,0,9,0,0,7,0,0,0,0
2014,"LaGuanera",14,"Fished","After",0,11,0,0,0,0,0,11,3,0,0,15,0,0,0,0
2014,"LaGuanera",15,"Fished","After",0,0,0,0,0,0,0,7,2,0,0,2,0,0,0,3
2014,"LaGuanera",16,"Fished","After",0,0,0,0,0,0,0,0,16,0,0,7,0,0,0,0
2014,"LaGuanera",17,"Fished","After",0,0,1,1,0,0,0,2,8,0,0,3,0,0,0,0
2014,"LaGuanera",18,"Fished","After",0,8,0,1,0,0,0,21,0,0,0,13,0,0,0,0
2014,"LaGuanera",19,"Fished","After",0,0,0,3,0,2,0,0,15,0,0,1,0,0,0,0
2014,"LaGuanera",20,"Fished","After",0,2,0,0,0,0,0,5,5,1,0,1,0,0,0,0
2006,"LaPlana",1,"Reserve","Before",0,2,0,2,0,0,2,8,300,2,2,7,0,0,1,1
2006,"LaPlana",2,"Reserve","Before",0,1,0,0,2,0,0,0,53,0,1,18,0,0,0,0
2006,"LaPlana",3,"Reserve","Before",0,0,0,3,2,0,1,0,150,1,0,3,0,0,0,0
2006,"LaPlana",4,"Reserve","Before",0,0,0,0,9,0,0,0,27,0,1,6,0,0,0,0
2006,"LaPlana",5,"Reserve","Before",0,0,0,0,0,0,0,0,13,1,0,5,0,0,0,0
2006,"LaPlana",6,"Reserve","Before",0,0,1,0,1,0,0,0,30,2,3,15,0,0,0,4
2006,"LaPlana",7,"Reserve","Before",0,2,1,1,0,0,12,3,38,4,1,11,3,0,1,4
2006,"LaPlana",8,"Reserve","Before",0,0,0,0,1,0,0,0,9,3,4,9,0,0,0,3
2006,"LaPlana",9,"Reserve","Before",0,0,0,3,11,0,0,0,10,3,0,2,0,0,0,0
2006,"LaPlana",10,"Reserve","Before",0,3,1,1,1,0,2,0,32,11,6,1,3,0,1,4
2006,"LaPlana",12,"Reserve","Before",0,0,0,2,0,0,6,0,5,2,0,3,0,0,0,0
2006,"LaPlana",13,"Reserve","Before",0,0,0,5,10,0,0,0,12,3,0,5,0,0,0,6
2006,"LaPlana",14,"Reserve","Before",0,2,0,0,0,0,2,1,42,17,0,3,0,0,0,5
2006,"LaPlana",15,"Reserve","Before",0,0,0,0,1,0,0,0,0,0,1,1,0,0,0,0
2006,"LaPlana",16,"Reserve","Before",0,0,0,0,0,0,0,0,0,1,0,31,0,0,0,0
2006,"LaPlana",17,"Reserve","Before",0,1,1,1,0,0,15,1,46,0,0,1,3,0,0,1
2006,"LaPlana",18,"Reserve","Before",0,0,0,0,0,0,0,1,94,1,1,2,0,0,1,4
2006,"LaPlana",19,"Reserve","Before",0,0,0,0,0,0,0,1,75,1,1,20,0,0,1,4
2006,"LaPlana",20,"Reserve","Before",0,0,0,0,0,0,0,2,25,0,0,15,0,0,0,0
2006,"LaPlana",21,"Reserve","Before",0,1,0,1,1,0,0,0,51,12,2,3,2,0,1,2
2006,"LaPlana",22,"Reserve","Before",0,0,0,0,1,0,0,0,15,4,1,5,1,0,2,2
2006,"LaPlana",23,"Reserve","Before",0,0,1,1,0,0,0,0,48,1,0,3,0,0,0,0
2006,"LaPlana",24,"Reserve","Before",0,0,0,4,0,0,0,0,30,5,0,0,0,0,2,0
2006,"LaPlana",25,"Reserve","Before",0,0,0,1,0,0,0,0,71,1,2,0,0,0,0,0
2006,"LaPlana",26,"Reserve","Before",0,1,1,3,0,0,11,0,29,2,3,0,9,0,2,1
2006,"LaPlana",27,"Reserve","Before",0,0,0,5,1,0,0,1,188,3,1,0,0,0,0,2
2006,"LaPlana",28,"Reserve","Before",0,0,0,0,0,0,0,0,56,0,3,0,3,0,0,0
2006,"LaPlana",29,"Reserve","Before",0,0,0,2,4,0,22,0,46,6,4,0,0,0,1,2
2006,"LaPlana",30,"Reserve","Before",0,1,0,0,0,0,0,0,40,3,1,0,0,0,0,0
2006,"LaPlana",31,"Reserve","Before",0,1,0,3,0,0,0,49,0,3,1,6,0,0,0,0
2007,"LaPlana",1,"Reserve","Before",0,0,0,0,0,0,0,0,0,1,0,1,0,0,0,1
2007,"LaPlana",2,"Reserve","Before",0,0,0,1,3,0,0,0,250,1,0,0,0,0,0,1
2007,"LaPlana",3,"Reserve","Before",0,0,0,8,0,0,0,3,88,2,1,7,8,0,0,2
2007,"LaPlana",4,"Reserve","Before",0,1,0,14,0,0,0,0,100,3,2,0,0,0,0,10
2007,"LaPlana",5,"Reserve","Before",1,0,0,0,0,0,0,0,88,1,0,2,2,0,0,0
2007,"LaPlana",6,"Reserve","Before",3,1,1,2,2,0,1,0,40,5,1,0,0,0,0,1
2007,"LaPlana",7,"Reserve","Before",0,0,0,0,0,0,0,1,9,2,16,0,19,0,0,0
2007,"LaPlana",8,"Reserve","Before",2,2,0,15,2,0,0,0,18,3,4,3,2,0,0,12
2007,"LaPlana",9,"Reserve","Before",0,0,0,3,1,0,0,1,63,2,0,20,2,0,0,0
2007,"LaPlana",10,"Reserve","Before",0,0,0,2,1,0,0,0,65,0,0,18,0,0,0,0
2007,"LaPlana",11,"Reserve","Before",0,0,0,5,0,0,0,0,43,0,3,1,8,0,0,0
2007,"LaPlana",12,"Reserve","Before",0,0,0,0,0,0,0,0,29,5,4,1,3,0,0,0
2007,"LaPlana",13,"Reserve","Before",0,3,0,2,0,0,0,6,36,2,0,10,3,0,0,0
2007,"LaPlana",14,"Reserve","Before",2,0,0,1,0,0,0,0,375,0,0,4,0,0,0,0
2007,"LaPlana",15,"Reserve","Before",1,0,0,0,0,0,0,0,18,0,0,12,3,0,0,0
2007,"LaPlana",16,"Reserve","Before",1,3,0,5,2,0,0,0,21,7,0,0,7,0,0,1
2007,"LaPlana",17,"Reserve","Before",0,0,0,0,0,0,0,0,214,0,0,0,0,0,0,0
2007,"LaPlana",18,"Reserve","Before",0,0,0,0,0,0,0,2,167,0,0,2,0,0,0,0
2007,"LaPlana",19,"Reserve","Before",0,6,0,2,0,0,0,3,150,4,0,0,0,0,0,8
2008,"LaPlana",1,"Reserve","Before",0,0,0,1,0,0,1,2,108,0,0,4,0,0,0,2
2008,"LaPlana",2,"Reserve","Before",1,0,0,6,0,0,0,0,150,2,0,3,1,0,1,3
2008,"LaPlana",3,"Reserve","Before",2,3,1,1,0,0,1,5,43,5,4,1,0,0,0,0
2008,"LaPlana",4,"Reserve","Before",0,0,0,1,2,0,0,1,203,1,0,12,0,0,0,0
2008,"LaPlana",5,"Reserve","Before",2,4,2,2,0,8,1,0,53,3,7,3,0,2,0,28
2008,"LaPlana",6,"Reserve","Before",2,0,0,0,4,0,0,0,43,7,0,6,0,0,1,7
2008,"LaPlana",7,"Reserve","Before",0,0,0,4,1,0,0,0,80,0,0,9,1,0,0,5
2008,"LaPlana",8,"Reserve","Before",0,0,0,0,1,0,0,0,90,1,2,4,0,0,0,4
2008,"LaPlana",9,"Reserve","Before",0,4,0,8,4,2,0,20,5,5,4,3,0,0,0,2
2008,"LaPlana",10,"Reserve","Before",0,0,0,0,0,0,0,24,0,0,0,1,0,0,0,0
2008,"LaPlana",11,"Reserve","Before",0,0,0,0,0,0,0,45,0,2,1,2,0,0,0,4
2008,"LaPlana",12,"Reserve","Before",3,1,2,0,7,0,0,0,41,7,0,1,0,0,0,1
2008,"LaPlana",13,"Reserve","Before",0,0,0,0,0,0,0,0,30,2,0,1,0,0,0,0
2008,"LaPlana",14,"Reserve","Before",0,0,0,3,0,0,0,1,38,1,53,4,5,0,0,0
2008,"LaPlana",15,"Reserve","Before",0,1,2,1,0,0,0,0,95,0,0,2,0,0,0,1
2008,"LaPlana",16,"Reserve","Before",0,0,0,0,0,0,0,2,18,0,0,2,0,0,0,0
2008,"LaPlana",17,"Reserve","Before",1,0,1,0,0,0,0,2,36,0,0,12,0,0,0,0
2008,"LaPlana",18,"Reserve","Before",0,0,0,1,0,1,0,3,78,3,0,2,2,0,0,1
2008,"LaPlana",19,"Reserve","Before",0,1,0,1,1,0,0,1,69,2,0,4,0,0,0,0
2009,"LaPlana",1,"Reserve","After",2,0,0,0,0,0,0,1,375,3,1,2,13,0,0,0
2009,"LaPlana",2,"Reserve","After",0,0,0,0,0,0,0,0,23,1,0,1,0,0,0,0
2009,"LaPlana",3,"Reserve","After",4,0,0,0,3,0,0,0,79,2,0,1,7,0,1,0
2009,"LaPlana",4,"Reserve","After",3,0,1,0,3,2,0,0,20,1,0,23,0,0,0,0
2009,"LaPlana",5,"Reserve","After",1,0,0,0,0,0,0,2,23,0,0,1,1,0,0,0
2009,"LaPlana",6,"Reserve","After",6,2,0,2,1,0,8,0,68,9,0,1,1,0,1,2
2009,"LaPlana",7,"Reserve","After",2,3,2,1,1,0,0,2,750,1,1,32,1,0,0,7
2009,"LaPlana",8,"Reserve","After",0,0,0,0,0,1,0,4,26,0,0,11,0,2,0,0
2009,"LaPlana",9,"Reserve","After",9,6,4,4,0,9,10,6,51,15,2,1,0,0,0,2
2009,"LaPlana",10,"Reserve","After",2,0,0,2,0,0,0,0,94,7,1,8,12,0,0,0
2009,"LaPlana",11,"Reserve","After",1,0,0,2,0,0,0,0,14,4,0,5,0,0,0,0
2009,"LaPlana",12,"Reserve","After",12,0,0,2,0,0,0,2,50,0,0,30,0,0,0,5
2009,"LaPlana",13,"Reserve","After",0,1,0,0,0,0,0,6,14,2,1,7,2,0,0,0
2009,"LaPlana",14,"Reserve","After",0,0,0,0,0,0,0,4,20,1,4,5,4,0,1,0
2009,"LaPlana",15,"Reserve","After",1,0,0,1,0,1,0,2,57,3,0,2,0,0,1,0
2009,"LaPlana",16,"Reserve","After",4,1,0,0,0,0,0,0,44,7,2,14,0,0,0,0
2009,"LaPlana",17,"Reserve","After",0,1,0,3,6,0,0,0,166,4,0,2,0,0,0,0
2009,"LaPlana",18,"Reserve","After",0,0,0,5,4,3,0,1,15,1,0,5,0,0,0,0
2009,"LaPlana",19,"Reserve","After",1,1,0,1,0,0,0,0,22,3,0,9,3,0,0,1
2009,"LaPlana",20,"Reserve","After",1,1,0,0,4,0,0,0,32,1,0,5,0,0,0,0
2009,"LaPlana",21,"Reserve","After",8,1,1,4,0,0,1,0,60,6,0,22,2,0,0,1
2009,"LaPlana",22,"Reserve","After",0,0,0,3,9,0,0,2,107,3,0,12,0,0,0,1
2009,"LaPlana",23,"Reserve","After",0,0,0,0,0,0,0,0,100,0,0,17,0,0,0,0
2009,"LaPlana",24,"Reserve","After",0,0,0,3,6,3,0,7,107,3,0,1,0,0,0,0
2009,"LaPlana",25,"Reserve","After",2,1,0,0,5,0,0,0,50,4,0,25,0,0,0,0
2009,"LaPlana",26,"Reserve","After",0,1,0,1,2,0,0,0,24,4,0,1,0,0,0,1
2010,"LaPlana",1,"Reserve","After",0,0,0,0,0,0,0,2,188,1,0,14,0,0,0,1
2010,"LaPlana",2,"Reserve","After",0,0,0,0,0,0,0,0,115,0,0,17,0,0,0,0
2010,"LaPlana",3,"Reserve","After",6,0,0,1,2,0,0,19,214,0,0,1,0,0,0,0
2010,"LaPlana",4,"Reserve","After",4,5,0,1,0,0,1,6,250,1,0,6,0,0,0,0
2010,"LaPlana",5,"Reserve","After",2,2,0,1,3,0,0,60,31,2,0,4,0,0,0,3
2010,"LaPlana",6,"Reserve","After",0,4,0,1,0,0,0,20,115,5,0,10,0,0,1,0
2010,"LaPlana",7,"Reserve","After",1,3,0,1,0,0,0,0,150,4,0,19,0,0,0,0
2010,"LaPlana",8,"Reserve","After",0,5,0,0,0,0,0,25,75,6,0,1,5,0,2,2
2010,"LaPlana",9,"Reserve","After",4,0,0,0,0,0,11,13,71,4,0,11,6,0,0,0
2010,"LaPlana",10,"Reserve","After",0,0,0,0,0,0,0,4,51,0,0,2,36,0,0,0
2010,"LaPlana",11,"Reserve","After",0,0,0,1,0,0,0,0,68,1,0,1,0,0,0,0
2010,"LaPlana",12,"Reserve","After",0,0,0,0,0,0,0,1,16,1,0,7,10,0,0,0
2010,"LaPlana",13,"Reserve","After",0,0,0,0,0,0,0,0,13,0,0,4,0,0,0,0
2010,"LaPlana",14,"Reserve","After",0,0,0,0,0,0,0,0,88,4,0,2,8,0,1,0
2010,"LaPlana",15,"Reserve","After",4,0,0,22,0,0,0,0,30,5,0,3,0,0,0,0
2010,"LaPlana",16,"Reserve","After",0,0,0,0,0,0,1,1,23,3,0,4,16,0,0,0
2010,"LaPlana",17,"Reserve","After",0,0,0,0,0,0,0,0,68,2,0,5,0,0,0,0
2010,"LaPlana",18,"Reserve","After",1,5,0,0,2,0,0,9,2,2,0,3,3,0,0,0
2010,"LaPlana",19,"Reserve","After",7,2,0,0,3,1,0,4,5,4,0,1,2,0,0,0
2010,"LaPlana",20,"Reserve","After",0,0,0,0,0,0,0,0,35,0,0,2,0,0,0,0
2010,"LaPlana",21,"Reserve","After",0,0,2,0,0,0,0,0,9,7,0,2,0,0,0,0
2010,"LaPlana",22,"Reserve","After",0,0,0,0,1,0,0,0,78,1,0,7,0,0,0,0
2010,"LaPlana",23,"Reserve","After",0,0,0,0,0,0,0,0,5,3,0,11,0,0,0,0
2010,"LaPlana",24,"Reserve","After",0,0,0,0,0,0,0,0,29,0,0,3,0,0,0,0
2010,"LaPlana",25,"Reserve","After",1,0,0,0,1,0,0,0,1,0,0,3,0,0,0,0
2011,"LaPlana",1,"Reserve","After",3,1,0,3,0,0,2,0,42,3,0,1,1,0,0,0
2011,"LaPlana",2,"Reserve","After",0,1,1,0,0,0,1,0,65,8,0,4,2,0,0,0
2011,"LaPlana",3,"Reserve","After",2,1,0,1,0,0,0,3,62,6,0,1,2,0,0,1
2011,"LaPlana",4,"Reserve","After",0,0,0,0,0,0,0,1,52,1,0,2,1,0,0,0
2011,"LaPlana",5,"Reserve","After",0,0,0,0,0,0,0,0,55,2,0,6,0,0,0,0
2011,"LaPlana",6,"Reserve","After",0,0,0,0,0,0,0,0,21,0,0,2,0,0,0,0
2011,"LaPlana",7,"Reserve","After",5,2,0,0,0,0,3,0,49,0,0,2,1,0,1,1
2011,"LaPlana",8,"Reserve","After",2,0,0,0,0,0,0,0,42,0,0,1,0,0,0,0
2011,"LaPlana",9,"Reserve","After",0,0,0,2,0,0,0,0,67,4,0,1,4,0,0,0
2011,"LaPlana",10,"Reserve","After",0,0,0,0,0,0,0,4,46,0,0,8,6,0,0,0
2011,"LaPlana",11,"Reserve","After",0,0,0,0,0,0,0,0,48,0,0,3,0,0,0,0
2011,"LaPlana",12,"Reserve","After",0,0,0,0,0,0,0,3,42,4,0,11,20,0,0,0
2011,"LaPlana",13,"Reserve","After",0,0,0,3,0,0,0,0,187,1,0,3,0,0,0,0
2011,"LaPlana",14,"Reserve","After",0,0,0,0,0,0,0,0,38,0,0,10,0,0,0,0
2011,"LaPlana",15,"Reserve","After",14,0,2,0,2,0,0,0,195,5,0,15,1,0,0,0
2011,"LaPlana",16,"Reserve","After",0,5,3,0,0,0,0,0,42,15,0,18,22,0,0,0
2011,"LaPlana",17,"Reserve","After",0,2,0,3,0,0,0,0,122,2,0,2,5,0,0,0
2011,"LaPlana",18,"Reserve","After",0,0,0,0,0,0,0,0,180,2,0,2,3,0,0,0
2011,"LaPlana",19,"Reserve","After",0,1,0,0,0,0,1,0,300,0,0,10,0,0,0,0
2011,"LaPlana",20,"Reserve","After",0,0,0,0,0,0,0,0,23,1,0,2,0,0,0,0
2011,"LaPlana",21,"Reserve","After",0,0,0,0,0,0,0,0,500,1,0,2,0,0,0,0
2011,"LaPlana",22,"Reserve","After",0,0,0,0,0,0,0,0,4,0,0,5,0,0,0,0
2011,"LaPlana",23,"Reserve","After",3,2,1,0,0,0,0,0,90,0,0,4,0,0,0,0
2011,"LaPlana",24,"Reserve","After",4,0,0,0,0,0,0,2,15,2,0,4,0,0,0,0
2011,"LaPlana",25,"Reserve","After",0,0,0,3,1,0,0,0,56,1,0,4,4,0,0,0
2012,"LaPlana",1,"Reserve","After",0,0,0,0,0,0,0,0,187,6,0,2,1,0,0,0
2012,"LaPlana",2,"Reserve","After",0,0,0,0,1,0,0,0,115,6,0,2,1,0,0,0
2012,"LaPlana",3,"Reserve","After",4,0,0,0,3,0,0,0,75,4,0,0,0,0,0,0
2012,"LaPlana",4,"Reserve","After",2,0,0,1,0,0,0,0,136,6,0,37,6,0,0,0
2012,"LaPlana",5,"Reserve","After",4,0,0,0,0,0,0,0,71,5,0,0,0,0,0,0
2012,"LaPlana",6,"Reserve","After",0,1,0,0,0,0,0,4,150,1,0,0,2,0,0,0
2012,"LaPlana",7,"Reserve","After",0,7,3,2,0,0,0,5,250,0,0,4,15,0,0,0
2012,"LaPlana",8,"Reserve","After",0,0,0,0,0,0,0,0,12,2,0,0,0,0,0,0
2012,"LaPlana",9,"Reserve","After",0,0,0,1,0,0,0,0,22,6,0,0,0,0,0,0
2012,"LaPlana",10,"Reserve","After",0,0,0,0,0,0,0,1,94,1,0,0,2,0,0,0
2012,"LaPlana",11,"Reserve","After",0,1,0,0,0,0,0,1,79,1,0,1,7,0,0,0
2012,"LaPlana",12,"Reserve","After",4,0,0,1,0,0,0,0,10,2,0,0,0,0,0,0
2012,"LaPlana",13,"Reserve","After",0,0,0,0,0,0,0,0,6,0,0,0,0,0,0,0
2012,"LaPlana",14,"Reserve","After",2,7,0,0,2,0,0,2,30,4,0,0,0,0,0,1
2012,"LaPlana",15,"Reserve","After",4,3,0,0,0,0,0,5,75,3,0,1,0,0,0,0
2012,"LaPlana",16,"Reserve","After",2,4,0,1,1,3,0,1,136,3,0,3,0,0,0,1
2012,"LaPlana",17,"Reserve","After",6,12,0,3,1,0,2,0,150,2,0,2,0,0,0,6
2012,"LaPlana",18,"Reserve","After",4,0,0,0,0,0,0,0,150,1,0,3,0,0,0,0
2012,"LaPlana",19,"Reserve","After",3,1,0,0,0,0,0,0,57,4,0,8,0,0,0,0
2012,"LaPlana",20,"Reserve","After",4,0,0,1,1,3,0,4,107,3,0,4,1,0,0,0
2012,"LaPlana",21,"Reserve","After",5,0,0,1,0,4,0,0,75,0,3,6,1,0,0,1
2012,"LaPlana",22,"Reserve","After",9,1,0,0,2,0,0,0,100,1,0,1,0,0,0,0
2012,"LaPlana",23,"Reserve","After",0,0,0,0,2,0,2,0,51,1,0,4,1,0,0,0
2012,"LaPlana",24,"Reserve","After",1,2,0,0,1,0,0,0,166,0,0,0,0,0,0,1
2013,"LaPlana",1,"Reserve","After",0,0,0,0,0,0,0,22,300,0,0,0,0,0,0,0
2013,"LaPlana",2,"Reserve","After",0,0,0,0,0,0,0,11,38,0,0,8,0,0,0,0
2013,"LaPlana",3,"Reserve","After",0,3,2,2,0,0,1,3,40,1,0,6,0,0,0,0
2013,"LaPlana",4,"Reserve","After",0,2,0,0,0,0,0,2,107,0,0,1,0,0,0,0
2013,"LaPlana",5,"Reserve","After",0,1,0,0,0,0,1,15,40,3,0,0,0,0,1,0
2013,"LaPlana",6,"Reserve","After",0,0,0,0,0,0,0,0,28,0,0,13,0,0,0,0
2013,"LaPlana",7,"Reserve","After",0,2,0,0,2,0,0,0,136,0,0,6,0,0,0,0
2013,"LaPlana",8,"Reserve","After",0,1,0,0,0,0,0,0,88,3,0,4,0,0,0,0
2013,"LaPlana",9,"Reserve","After",0,1,0,0,0,0,0,20,25,4,0,0,3,0,0,0
2013,"LaPlana",10,"Reserve","After",0,0,0,0,0,0,0,6,30,3,0,0,0,0,0,0
2013,"LaPlana",11,"Reserve","After",0,0,0,0,0,0,0,0,16,0,0,0,0,0,0,0
2013,"LaPlana",12,"Reserve","After",0,0,0,1,0,0,0,0,57,2,0,6,0,0,0,0
2013,"LaPlana",13,"Reserve","After",0,0,0,0,0,1,0,0,6,0,0,5,0,0,0,0
2013,"LaPlana",14,"Reserve","After",0,2,0,1,0,0,0,3,33,1,0,3,0,0,0,0
2013,"LaPlana",15,"Reserve","After",0,0,0,0,0,0,0,0,11,0,0,0,0,0,0,0
2013,"LaPlana",16,"Reserve","After",0,0,0,0,0,0,0,0,6,0,0,10,0,0,0,0
2013,"LaPlana",17,"Reserve","After",0,0,0,0,0,0,0,3,14,0,0,12,0,0,0,0
2013,"LaPlana",18,"Reserve","After",0,0,0,0,0,0,0,0,19,0,0,1,0,0,0,0
2013,"LaPlana",19,"Reserve","After",0,3,0,0,0,0,0,4,28,0,0,2,0,0,0,0
2013,"LaPlana",20,"Reserve","After",0,1,0,0,0,0,0,0,83,2,0,1,0,0,0,0
2013,"LaPlana",21,"Reserve","After",0,0,0,0,0,0,0,2,36,0,0,2,0,0,0,0
2014,"LaPlana",1,"Reserve","After",0,0,0,0,0,0,0,0,23,0,0,2,0,0,0,0
2014,"LaPlana",2,"Reserve","After",0,4,0,0,0,1,0,0,42,0,0,3,0,0,0,0
2014,"LaPlana",3,"Reserve","After",0,3,0,0,0,0,0,3,20,1,0,8,2,0,0,0
2014,"LaPlana",4,"Reserve","After",0,1,0,0,0,0,0,9,12,0,0,3,2,0,0,0
2014,"LaPlana",5,"Reserve","After",0,0,0,0,0,0,0,4,41,0,0,3,0,0,0,0
2014,"LaPlana",6,"Reserve","After",0,4,0,0,0,0,0,1,50,0,0,2,0,0,0,0
2014,"LaPlana",7,"Reserve","After",0,4,0,0,0,0,0,6,24,0,0,3,5,0,0,0
2014,"LaPlana",8,"Reserve","After",0,1,0,1,0,1,0,5,50,1,0,1,10,0,0,0
2014,"LaPlana",9,"Reserve","After",0,3,0,0,0,0,0,0,50,1,0,1,0,0,0,0
2014,"LaPlana",10,"Reserve","After",0,0,0,0,0,0,0,0,50,0,0,1,0,0,0,0
2014,"LaPlana",11,"Reserve","After",0,0,2,0,2,0,0,1,50,3,0,4,0,0,0,0
2014,"LaPlana",12,"Reserve","After",0,1,0,0,0,2,0,4,41,1,0,1,0,0,0,0
2014,"LaPlana",13,"Reserve","After",0,0,0,0,0,0,0,0,50,0,0,1,0,0,0,0
2014,"LaPlana",14,"Reserve","After",0,3,0,0,0,0,3,0,50,0,0,4,0,0,0,0
2014,"LaPlana",15,"Reserve","After",0,3,0,0,0,0,1,8,50,0,0,1,0,0,0,0
2014,"LaPlana",16,"Reserve","After",0,0,0,0,0,0,0,0,50,0,0,5,0,0,0,0
2014,"LaPlana",17,"Reserve","After",0,0,0,0,0,0,0,0,12,0,0,2,0,0,0,0
2014,"LaPlana",18,"Reserve","After",0,1,0,1,0,0,0,0,41,0,0,2,0,0,0,0
2014,"LaPlana",19,"Reserve","After",0,0,0,0,0,0,0,0,18,1,0,1,0,0,0,0
2014,"LaPlana",20,"Reserve","After",0,0,0,0,0,0,0,6,36,0,0,3,0,0,0,0
2006,"PuntaPrieta",1,"Reserve","Before",0,9,0,1,0,0,1,1,32,0,0,2,2,0,0,0
2006,"PuntaPrieta",2,"Reserve","Before",0,11,0,6,0,0,0,0,49,2,1,13,0,0,0,0
2006,"PuntaPrieta",3,"Reserve","Before",0,15,4,1,0,0,0,4,16,0,0,6,0,0,0,0
2006,"PuntaPrieta",4,"Reserve","Before",0,3,0,3,2,0,0,0,24,3,0,7,0,0,0,0
2006,"PuntaPrieta",5,"Reserve","Before",0,1,0,0,0,0,0,0,11,0,0,4,6,0,0,0
2006,"PuntaPrieta",6,"Reserve","Before",0,2,0,0,0,0,0,0,16,3,0,6,2,0,0,3
2006,"PuntaPrieta",7,"Reserve","Before",0,4,0,6,0,0,0,0,42,0,0,11,3,0,0,0
2006,"PuntaPrieta",8,"Reserve","Before",0,1,0,0,0,0,0,0,3,1,0,4,0,0,0,0
2006,"PuntaPrieta",9,"Reserve","Before",0,0,1,1,0,0,0,0,29,0,0,1,5,0,0,0
2006,"PuntaPrieta",10,"Reserve","Before",0,0,0,1,0,0,0,0,1,0,0,2,0,0,0,0
2006,"PuntaPrieta",11,"Reserve","Before",0,1,0,0,0,0,0,0,25,0,0,1,0,0,0,0
2006,"PuntaPrieta",12,"Reserve","Before",0,0,0,2,1,0,0,0,1,0,0,2,0,0,0,0
2007,"PuntaPrieta",1,"Reserve","Before",0,27,0,1,0,0,0,1,18,1,7,1,5,0,0,2
2007,"PuntaPrieta",2,"Reserve","Before",0,0,1,1,0,0,0,2,47,0,0,1,1,0,0,0
2007,"PuntaPrieta",3,"Reserve","Before",0,17,2,8,0,0,0,0,28,0,9,1,5,0,0,0
2007,"PuntaPrieta",4,"Reserve","Before",0,0,0,0,0,0,0,0,55,0,0,6,1,0,0,0
2007,"PuntaPrieta",5,"Reserve","Before",0,14,4,1,0,0,0,7,11,0,0,4,5,0,0,2
2007,"PuntaPrieta",6,"Reserve","Before",0,5,0,0,0,0,0,0,12,1,0,4,0,0,0,1
2007,"PuntaPrieta",7,"Reserve","Before",0,12,1,2,0,0,0,0,9,0,0,1,9,0,0,0
2007,"PuntaPrieta",8,"Reserve","Before",0,14,0,1,0,0,0,0,15,0,0,4,3,0,0,0
2007,"PuntaPrieta",9,"Reserve","Before",0,1,0,0,0,0,0,0,1,0,0,0,0,0,0,0
2007,"PuntaPrieta",10,"Reserve","Before",0,0,0,0,0,0,0,0,1,0,0,2,0,0,0,0
2007,"PuntaPrieta",11,"Reserve","Before",0,0,0,0,1,0,0,0,1,0,0,3,0,0,0,0
2007,"PuntaPrieta",12,"Reserve","Before",0,0,0,0,0,0,0,0,6,0,0,1,1,0,0,0
2007,"PuntaPrieta",13,"Reserve","Before",0,14,2,4,0,0,0,1,63,0,0,0,2,0,1,0
2007,"PuntaPrieta",14,"Reserve","Before",0,5,0,5,0,0,0,0,38,0,1,8,5,0,0,0
2007,"PuntaPrieta",15,"Reserve","Before",0,10,3,1,0,1,0,29,0,0,0,0,0,0,0,0
2007,"PuntaPrieta",16,"Reserve","Before",0,14,0,4,0,0,0,1,20,1,0,8,0,0,0,1
2007,"PuntaPrieta",18,"Reserve","Before",0,10,0,0,0,0,0,0,12,3,0,2,0,0,0,0
2007,"PuntaPrieta",19,"Reserve","Before",0,49,2,2,0,0,0,4,28,0,0,5,6,0,0,2
2007,"PuntaPrieta",20,"Reserve","Before",0,1,0,1,0,0,0,0,30,0,0,0,0,0,0,0
2008,"PuntaPrieta",1,"Reserve","Before",0,22,1,2,0,0,0,8,32,0,0,0,2,0,0,1
2008,"PuntaPrieta",2,"Reserve","Before",0,0,0,0,0,0,0,0,0,0,0,3,3,0,0,0
2008,"PuntaPrieta",3,"Reserve","Before",0,15,0,3,0,0,0,22,64,0,9,0,7,0,0,5
2008,"PuntaPrieta",4,"Reserve","Before",0,0,0,0,0,0,0,0,0,0,0,0,0,0,0,0
2008,"PuntaPrieta",5,"Reserve","Before",0,6,0,3,1,0,0,1,17,0,0,0,6,0,0,2
2008,"PuntaPrieta",6,"Reserve","Before",0,2,0,0,3,0,0,3,1,0,0,0,0,0,0,0
2008,"PuntaPrieta",7,"Reserve","Before",0,3,4,5,0,0,0,5,88,1,11,0,1,0,0,1
2008,"PuntaPrieta",8,"Reserve","Before",0,16,3,5,0,0,0,10,51,1,0,0,5,0,0,0
2008,"PuntaPrieta",9,"Reserve","Before",0,30,6,11,0,0,2,14,31,4,5,0,10,0,0,0
2008,"PuntaPrieta",10,"Reserve","Before",0,53,2,11,1,0,3,4,26,0,3,0,7,0,1,0
2008,"PuntaPrieta",11,"Reserve","Before",2,4,2,1,3,0,0,4,12,1,0,0,2,0,0,10
2008,"PuntaPrieta",12,"Reserve","Before",0,0,0,0,0,0,0,0,0,0,0,0,0,0,0,0
2008,"PuntaPrieta",13,"Reserve","Before",0,0,0,0,0,0,0,3,22,0,0,2,2,0,0,0
2008,"PuntaPrieta",14,"Reserve","Before",0,5,0,0,1,0,0,0,90,3,1,0,2,0,0,0
2008,"PuntaPrieta",15,"Reserve","Before",0,3,0,0,0,0,0,7,32,0,0,14,0,0,0,0
2008,"PuntaPrieta",16,"Reserve","Before",0,2,0,1,5,0,0,0,90,6,0,0,3,0,0,1
2008,"PuntaPrieta",17,"Reserve","Before",0,0,0,5,0,0,0,0,3,2,0,1,2,0,0,1
2008,"PuntaPrieta",18,"Reserve","Before",0,0,0,2,0,0,0,0,3,0,0,2,0,0,0,0
2008,"PuntaPrieta",19,"Reserve","Before",0,0,0,2,0,0,0,0,0,0,0,1,4,0,0,0
2008,"PuntaPrieta",20,"Reserve","Before",0,0,1,1,3,0,0,0,2,2,0,0,1,0,0,0
2008,"PuntaPrieta",21,"Reserve","Before",0,0,0,3,1,0,0,0,4,0,2,0,0,0,0,4
2008,"PuntaPrieta",22,"Reserve","Before",0,3,1,2,1,0,0,0,4,2,0,0,0,1,0,0
2009,"PuntaPrieta",1,"Reserve","After",0,5,0,2,0,0,3,6,60,0,0,2,0,0,0,0
2009,"PuntaPrieta",2,"Reserve","After",0,1,0,0,0,0,0,0,35,0,0,0,0,0,0,0
2009,"PuntaPrieta",3,"Reserve","After",0,17,0,1,0,0,5,7,59,0,0,0,1,0,0,0
2009,"PuntaPrieta",4,"Reserve","After",2,0,2,2,0,0,1,0,17,1,0,0,0,0,0,0
2009,"PuntaPrieta",5,"Reserve","After",0,18,0,2,0,0,0,6,36,0,0,0,2,0,0,0
2009,"PuntaPrieta",6,"Reserve","After",0,0,0,0,0,0,0,0,12,1,0,0,0,0,0,0
2009,"PuntaPrieta",7,"Reserve","After",3,51,2,2,0,3,0,13,75,0,2,0,2,0,0,0
2009,"PuntaPrieta",8,"Reserve","After",0,0,2,1,0,3,0,0,30,2,0,17,1,0,0,0
2009,"PuntaPrieta",9,"Reserve","After",0,5,0,1,1,0,0,0,75,0,0,3,4,0,0,6
2009,"PuntaPrieta",10,"Reserve","After",0,3,0,0,1,0,0,3,25,4,0,2,1,0,0,2
2009,"PuntaPrieta",11,"Reserve","After",0,7,0,0,0,1,5,0,28,0,0,2,1,0,0,0
2009,"PuntaPrieta",12,"Reserve","After",0,1,0,0,0,0,1,0,21,0,1,5,0,0,0,0
2009,"PuntaPrieta",13,"Reserve","After",0,4,0,0,0,0,1,2,17,0,0,1,2,0,0,0
2009,"PuntaPrieta",14,"Reserve","After",0,11,0,3,0,0,1,3,29,2,2,9,3,0,1,0
2009,"PuntaPrieta",15,"Reserve","After",0,3,0,2,0,0,0,1,20,0,0,22,12,0,0,0
2009,"PuntaPrieta",16,"Reserve","After",3,4,2,3,1,0,0,0,4,0,0,3,3,0,0,0
2009,"PuntaPrieta",17,"Reserve","After",0,16,4,1,0,0,9,9,34,0,0,1,8,0,1,0
2009,"PuntaPrieta",18,"Reserve","After",0,7,0,2,0,0,0,2,32,0,0,1,0,0,0,0
2009,"PuntaPrieta",19,"Reserve","After",0,8,2,4,0,1,0,21,41,4,0,1,6,0,0,1
2009,"PuntaPrieta",20,"Reserve","After",0,0,4,0,0,0,0,0,8,3,0,1,0,0,0,4
2009,"PuntaPrieta",21,"Reserve","After",0,9,1,1,0,0,0,5,23,0,0,1,3,0,0,5
2009,"PuntaPrieta",22,"Reserve","After",0,4,0,1,0,0,0,1,24,0,0,3,0,0,0,2
2009,"PuntaPrieta",23,"Reserve","After",0,5,2,0,0,0,4,2,25,0,1,2,3,0,0,1
2009,"PuntaPrieta",24,"Reserve","After",0,1,1,0,0,0,0,0,4,1,1,3,0,0,0,0
2010,"PuntaPrieta",1,"Reserve","After",0,0,0,0,0,0,2,3,11,0,0,1,0,0,0,0
2010,"PuntaPrieta",2,"Reserve","After",0,1,0,0,0,0,9,8,136,0,0,1,1,0,0,0
2010,"PuntaPrieta",3,"Reserve","After",0,0,0,0,0,0,0,1,14,2,0,6,0,0,0,0
2010,"PuntaPrieta",4,"Reserve","After",0,3,0,0,0,0,1,2,6,0,0,3,1,0,0,0
2010,"PuntaPrieta",5,"Reserve","After",0,2,0,0,0,0,0,5,9,0,0,7,3,0,0,0
2010,"PuntaPrieta",6,"Reserve","After",0,0,0,0,0,0,0,1,7,1,0,3,0,0,0,0
2010,"PuntaPrieta",7,"Reserve","After",0,24,2,0,0,0,1,8,19,0,0,18,7,0,0,1
2010,"PuntaPrieta",8,"Reserve","After",0,4,1,1,0,0,0,8,29,0,0,32,9,0,0,0
2010,"PuntaPrieta",9,"Reserve","After",0,0,0,0,1,0,0,1,4,1,0,1,0,0,0,0
2010,"PuntaPrieta",10,"Reserve","After",1,9,2,3,2,0,0,6,6,3,1,3,3,0,0,1
2010,"PuntaPrieta",11,"Reserve","After",4,4,1,3,0,3,0,10,3,0,0,1,13,0,0,0
2010,"PuntaPrieta",12,"Reserve","After",0,4,1,2,4,0,0,3,2,4,0,3,0,0,0,0
2010,"PuntaPrieta",13,"Reserve","After",0,2,0,0,0,0,0,9,3,0,0,3,0,0,0,1
2010,"PuntaPrieta",14,"Reserve","After",0,31,0,0,0,0,0,28,14,0,2,4,4,0,0,0
2010,"PuntaPrieta",15,"Reserve","After",0,4,0,0,0,0,0,3,10,0,2,3,2,0,0,3
2010,"PuntaPrieta",16,"Reserve","After",0,25,1,2,0,0,0,4,33,0,5,7,1,0,0,0
2010,"PuntaPrieta",17,"Reserve","After",0,4,2,0,0,0,0,0,20,0,0,7,3,0,0,0
2010,"PuntaPrieta",18,"Reserve","After",0,21,0,0,0,0,0,12,35,0,0,3,7,0,0,0
2010,"PuntaPrieta",19,"Reserve","After",1,11,0,0,0,0,0,0,13,0,5,7,4,0,0,3
2010,"PuntaPrieta",20,"Reserve","After",0,20,2,4,0,0,18,3,136,0,0,3,0,0,0,0
2010,"PuntaPrieta",21,"Reserve","After",0,3,2,3,1,0,0,2,3,2,1,7,2,0,0,0
2010,"PuntaPrieta",22,"Reserve","After",0,4,0,2,4,0,0,6,3,2,0,2,0,0,0,0
2010,"PuntaPrieta",23,"Reserve","After",0,0,0,0,0,0,0,0,22,1,0,2,0,0,0,0
2010,"PuntaPrieta",24,"Reserve","After",0,1,0,1,0,0,0,0,20,0,0,1,0,0,0,0
2011,"PuntaPrieta",1,"Reserve","After",0,0,0,0,0,0,0,8,77,4,0,1,0,0,0,0
2011,"PuntaPrieta",2,"Reserve","After",0,0,0,0,0,0,0,5,300,0,0,20,2,0,0,0
2011,"PuntaPrieta",3,"Reserve","After",0,4,1,0,0,0,0,0,8,5,0,4,0,0,2,1
2011,"PuntaPrieta",4,"Reserve","After",1,0,0,0,0,0,1,1,75,2,0,6,3,0,0,0
2011,"PuntaPrieta",5,"Reserve","After",0,4,0,1,0,0,1,4,63,2,0,1,3,0,0,0
2011,"PuntaPrieta",6,"Reserve","After",0,0,0,0,0,0,0,0,53,1,0,1,2,0,0,0
2011,"PuntaPrieta",7,"Reserve","After",0,0,0,0,0,0,0,0,64,0,0,6,0,0,0,0
2011,"PuntaPrieta",8,"Reserve","After",2,5,1,2,0,1,0,3,25,4,0,5,3,0,0,0
2011,"PuntaPrieta",9,"Reserve","After",0,41,0,4,0,0,6,6,13,0,5,1,6,0,0,0
2011,"PuntaPrieta",10,"Reserve","After",0,2,0,2,0,0,0,4,71,0,0,5,0,0,0,0
2011,"PuntaPrieta",11,"Reserve","After",0,2,0,0,0,0,0,3,48,2,0,7,1,0,0,0
2011,"PuntaPrieta",12,"Reserve","After",0,6,0,0,0,0,0,3,10,2,0,8,3,0,0,2
2011,"PuntaPrieta",13,"Reserve","After",0,13,0,4,0,0,0,0,20,1,0,2,4,0,0,3
2011,"PuntaPrieta",14,"Reserve","After",0,2,1,0,3,0,0,1,10,2,0,1,2,0,0,0
2011,"PuntaPrieta",15,"Reserve","After",1,1,0,0,0,0,1,0,17,2,0,3,9,0,0,0
2011,"PuntaPrieta",16,"Reserve","After",0,10,1,2,0,0,2,7,35,0,0,2,4,0,0,1
2011,"PuntaPrieta",17,"Reserve","After",0,3,0,0,0,0,0,8,50,2,0,0,9,0,0,0
2011,"PuntaPrieta",18,"Reserve","After",1,7,0,2,0,0,0,6,27,4,0,3,6,0,0,3
2011,"PuntaPrieta",19,"Reserve","After",0,0,0,0,0,0,0,2,22,0,0,3,0,0,0,0
2011,"PuntaPrieta",20,"Reserve","After",9,21,1,5,0,0,0,8,142,1,0,17,2,0,0,1
2011,"PuntaPrieta",21,"Reserve","After",0,0,0,0,0,0,0,2,120,1,0,0,0,0,0,0
2011,"PuntaPrieta",22,"Reserve","After",0,19,0,0,0,0,0,12,38,0,0,0,9,0,0,1
2011,"PuntaPrieta",23,"Reserve","After",0,13,0,2,0,0,0,3,81,0,0,0,3,0,0,1
2011,"PuntaPrieta",24,"Reserve","After",0,2,0,2,0,0,0,2,71,4,0,4,3,0,0,0
2011,"PuntaPrieta",25,"Reserve","After",0,3,0,2,0,0,0,0,40,5,0,0,2,0,0,0
2012,"PuntaPrieta",1,"Reserve","After",0,0,0,0,0,0,0,20,75,2,0,0,0,0,0,0
2012,"PuntaPrieta",2,"Reserve","After",0,0,0,0,0,0,0,11,90,2,0,0,0,0,0,0
2012,"PuntaPrieta",3,"Reserve","After",0,6,0,0,2,0,0,1,30,2,0,0,0,0,0,0
2012,"PuntaPrieta",4,"Reserve","After",0,4,0,0,0,0,0,0,52,4,0,7,0,0,0,2
2012,"PuntaPrieta",5,"Reserve","After",1,5,1,0,1,1,0,0,17,2,0,0,3,0,0,0
2012,"PuntaPrieta",6,"Reserve","After",1,5,0,0,3,4,0,0,2,1,0,0,0,0,0,0
2012,"PuntaPrieta",7,"Reserve","After",0,0,0,0,0,0,0,1,2,0,0,0,0,0,0,0
2012,"PuntaPrieta",8,"Reserve","After",0,0,0,0,0,0,0,0,0,0,0,0,0,0,0,0
2012,"PuntaPrieta",9,"Reserve","After",0,1,0,4,0,0,1,0,15,3,0,1,1,0,0,3
2012,"PuntaPrieta",10,"Reserve","After",0,0,0,0,0,0,0,0,3,1,0,0,0,0,0,0
2012,"PuntaPrieta",11,"Reserve","After",0,6,1,0,0,0,2,5,35,5,0,0,1,0,0,0
2012,"PuntaPrieta",12,"Reserve","After",0,3,0,0,0,0,0,1,86,2,0,8,1,0,0,0
2012,"PuntaPrieta",13,"Reserve","After",0,1,0,0,0,0,0,0,65,0,1,21,0,0,0,0
2012,"PuntaPrieta",14,"Reserve","After",0,0,0,0,0,0,0,3,115,1,1,0,0,0,0,0
2012,"PuntaPrieta",15,"Reserve","After",1,0,0,0,1,0,0,0,10,1,0,10,1,0,0,0
2012,"PuntaPrieta",16,"Reserve","After",0,1,0,0,0,0,0,0,24,1,0,0,0,0,0,0
2012,"PuntaPrieta",17,"Reserve","After",2,17,1,2,0,0,0,6,25,1,0,5,0,0,0,1
2012,"PuntaPrieta",18,"Reserve","After",0,21,0,1,0,0,0,5,10,2,0,0,3,0,1,0
2012,"PuntaPrieta",19,"Reserve","After",0,13,0,0,0,0,0,0,24,0,1,28,2,0,0,1
2012,"PuntaPrieta",20,"Reserve","After",0,18,0,0,0,0,0,3,8,0,2,0,2,0,0,0
2012,"PuntaPrieta",21,"Reserve","After",0,17,0,0,0,0,0,16,37,0,0,0,4,0,0,1
2012,"PuntaPrieta",22,"Reserve","After",0,19,0,0,0,0,0,11,20,0,2,0,3,0,0,1
2012,"PuntaPrieta",23,"Reserve","After",1,15,2,1,0,0,26,23,35,0,1,0,0,0,0,0
2012,"PuntaPrieta",24,"Reserve","After",2,35,0,3,0,0,8,13,15,0,0,0,4,0,0,0
2013,"PuntaPrieta",1,"Reserve","After",0,0,0,0,0,0,0,0,6,0,0,4,0,0,0,0
2013,"PuntaPrieta",2,"Reserve","After",0,0,0,0,0,5,0,0,4,0,0,8,0,0,0,0
2013,"PuntaPrieta",3,"Reserve","After",0,0,0,0,0,0,0,0,11,0,0,0,0,0,0,0
2013,"PuntaPrieta",4,"Reserve","After",0,3,0,0,0,0,0,32,8,0,0,0,0,0,0,0
2013,"PuntaPrieta",5,"Reserve","After",0,0,0,0,0,0,0,0,24,0,0,1,0,0,0,0
2013,"PuntaPrieta",6,"Reserve","After",0,2,0,0,0,0,0,1,16,0,0,0,0,0,0,0
2013,"PuntaPrieta",7,"Reserve","After",0,15,0,1,0,0,0,25,75,0,0,0,0,0,0,0
2013,"PuntaPrieta",8,"Reserve","After",0,12,2,0,0,0,0,5,25,3,0,1,2,0,0,0
2013,"PuntaPrieta",9,"Reserve","After",0,0,0,0,0,0,0,0,78,0,0,3,0,0,0,0
2013,"PuntaPrieta",10,"Reserve","After",0,7,0,0,0,0,3,1,7,0,0,5,1,0,0,0
2013,"PuntaPrieta",11,"Reserve","After",0,27,0,0,0,0,0,3,13,0,0,3,1,0,0,0
2013,"PuntaPrieta",12,"Reserve","After",0,8,7,2,0,0,0,4,10,0,0,1,0,0,0,0
2013,"PuntaPrieta",13,"Reserve","After",0,3,0,0,0,0,0,13,2,1,0,2,0,0,0,0
2013,"PuntaPrieta",14,"Reserve","After",0,3,0,2,0,0,0,17,6,0,0,15,0,0,0,0
2013,"PuntaPrieta",15,"Reserve","After",0,0,0,0,0,0,0,2,20,1,0,14,0,0,0,0
2013,"PuntaPrieta",16,"Reserve","After",0,0,0,0,0,1,0,0,37,0,0,1,0,0,0,0
2013,"PuntaPrieta",17,"Reserve","After",0,3,0,0,0,0,0,3,25,0,0,2,0,0,0,0
2013,"PuntaPrieta",18,"Reserve","After",0,0,0,0,0,0,0,0,0,0,0,1,0,0,0,0
2013,"PuntaPrieta",19,"Reserve","After",0,0,0,0,0,0,0,0,35,0,0,3,0,0,0,0
2013,"PuntaPrieta",20,"Reserve","After",0,0,0,0,0,0,0,0,0,0,0,6,0,0,0,0
2014,"PuntaPrieta",1,"Reserve","After",0,0,0,0,0,0,0,6,20,0,0,3,1,0,0,0
2014,"PuntaPrieta",2,"Reserve","After",0,15,0,0,0,0,0,24,10,0,0,3,2,0,0,0
2014,"PuntaPrieta",3,"Reserve","After",0,50,3,2,0,0,2,4,30,0,0,12,0,0,0,2
2014,"PuntaPrieta",4,"Reserve","After",0,1,0,0,0,0,0,3,10,1,0,2,0,0,0,0
2014,"PuntaPrieta",5,"Reserve","After",0,2,0,1,0,0,0,0,12,0,0,2,0,0,0,0
2014,"PuntaPrieta",6,"Reserve","After",0,0,0,0,0,0,0,1,3,0,0,2,1,0,0,0
2014,"PuntaPrieta",7,"Reserve","After",0,0,0,0,0,0,0,3,3,0,0,13,0,0,0,0
2014,"PuntaPrieta",8,"Reserve","After",0,50,0,1,0,0,0,0,35,0,0,3,0,0,0,0
2014,"PuntaPrieta",9,"Reserve","After",0,5,0,1,0,0,0,4,10,0,0,1,0,0,0,0
2014,"PuntaPrieta",10,"Reserve","After",0,10,0,0,0,0,0,30,10,1,0,1,0,0,0,0
2014,"PuntaPrieta",11,"Reserve","After",0,25,2,3,2,0,0,0,20,0,0,3,1,0,0,4
2014,"PuntaPrieta",12,"Reserve","After",0,1,0,0,0,0,0,50,13,0,0,5,0,0,0,0
2014,"PuntaPrieta",13,"Reserve","After",0,3,0,0,0,0,1,5,29,0,0,2,0,0,0,0
2014,"PuntaPrieta",14,"Reserve","After",0,6,0,0,0,0,0,5,12,1,0,51,0,0,0,0
2014,"PuntaPrieta",15,"Reserve","After",0,9,1,0,0,0,0,13,31,0,0,3,0,0,0,0
2014,"PuntaPrieta",16,"Reserve","After",0,0,0,1,0,0,0,0,38,1,0,2,0,0,0,0
2014,"PuntaPrieta",17,"Reserve","After",0,50,2,0,0,0,2,6,18,0,0,1,1,0,0,0
2014,"PuntaPrieta",18,"Reserve","After",0,1,0,1,0,0,0,22,0,2,0,7,0,0,4,0
2014,"PuntaPrieta",19,"Reserve","After",0,50,3,0,0,0,0,1,17,0,0,1,0,0,0,0
2014,"PuntaPrieta",20,"Reserve","After",0,4,0,0,0,0,0,0,7,0,0,4,0,0,0,0
