"Year","Location","Transect","Zone","Period","Anisotremusdavidsoni","Caulolatilusprinceps","Embioticajacksoni","Girellanigricans","Heterodontusfrancisci","Hypsypopsrubicundus","Oxyjuliscalifornica","Paralabraxclathratus","Paralabraxnebulifer","Semicossyphuspulcher","Stereolepisgigas"
2006,"Babencho",1,"Fished","Before",0,0,0,0,0,0,0,1,0,4,0
2006,"Babencho",2,"Fished","Before",0,0,0,0,0,0,0,0,0,0,0
2006,"Babencho",3,"Fished","Before",0,0,0,0,0,0,0,1,0,0,0
2006,"Babencho",4,"Fished","Before",0,0,0,0,0,0,0,0,0,0,0
2006,"Babencho",5,"Fished","Before",0,0,0,0,0,0,0,1,0,1,0
2006,"Babencho",6,"Fished","Before",0,0,0,0,0,3,0,4,0,7,0
2006,"Babencho",7,"Fished","Before",0,0,0,1,0,0,1,6,0,0,0
2006,"Babencho",8,"Fished","Before",0,1,0,0,0,9,0,2,0,7,0
2006,"Babencho",9,"Fished","Before",2,0,0,0,0,0,0,2,0,0,0
2006,"Babencho",10,"Fished","Before",0,0,0,8,0,5,0,0,0,4,0
2006,"Babencho",11,"Fished","Before",0,0,0,1,0,0,9,1,0,0,0
2007,"Babencho",1,"Fished","Before",0,0,0,0,0,0,0,10,0,13,0
2007,"Babencho",2,"Fished","Before",0,0,0,0,0,0,0,0,0,1,0
2007,"Babencho",3,"Fished","Before",0,0,0,0,0,1,0,4,0,6,0
2007,"Babencho",4,"Fished","Before",0,0,0,0,0,0,0,0,0,0,0
2007,"Babencho",5,"Fished","Before",0,0,0,0,0,0,0,5,0,7,0
2007,"Babencho",6,"Fished","Before",0,0,0,0,0,0,0,2,0,1,0
2007,"Babencho",7,"Fished","Before",0,0,0,0,0,3,0,24,0,11,0
2007,"Babencho",8,"Fished","Before",0,0,0,0,0,0,0,2,0,3,0
2007,"Babencho",9,"Fished","Before",0,0,0,0,0,0,0,2,0,1,0
2007,"Babencho",10,"Fished","Before",0,0,0,0,0,4,0,6,0,0,0
2007,"Babencho",11,"Fished","Before",0,0,1,0,1,0,4,6,0,0,0
2007,"Babencho",12,"Fished","Before",0,0,0,0,0,1,0,0,0,1,0
2007,"Babencho",13,"Fished","Before",0,0,0,0,0,2,0,6,0,1,0
2007,"Babencho",14,"Fished","Before",1,0,0,0,0,0,0,0,0,0,0
2007,"Babencho",15,"Fished","Before",0,0,0,0,0,2,0,4,0,2,0
2007,"Babencho",16,"Fished","Before",1,0,0,0,0,0,0,8,0,3,0
2008,"Babencho",1,"Fished","Before",0,0,0,0,0,0,0,1,0,0,0
2008,"Babencho",2,"Fished","Before",0,0,0,0,0,1,0,3,0,1,0
2008,"Babencho",3,"Fished","Before",0,0,0,0,0,0,0,2,0,1,0
2008,"Babencho",4,"Fished","Before",0,0,0,0,0,0,0,2,0,1,0
2008,"Babencho",5,"Fished","Before",0,0,0,0,0,1,0,3,0,7,0
2008,"Babencho",6,"Fished","Before",0,0,0,0,0,1,3,11,0,2,0
2008,"Babencho",7,"Fished","Before",0,0,0,0,0,1,2,10,0,17,0
2008,"Babencho",8,"Fished","Before",0,0,0,0,0,0,0,18,0,2,0
2008,"Babencho",9,"Fished","Before",0,0,0,0,0,2,0,0,0,1,0
2008,"Babencho",10,"Fished","Before",0,0,1,0,0,0,3,2,0,6,0
2008,"Babencho",11,"Fished","Before",0,0,0,0,0,1,0,6,0,6,0
2008,"Babencho",12,"Fished","Before",0,0,0,0,0,0,0,23,0,9,0
2009,"Babencho",1,"Fished","After",0,0,0,6,0,3,0,8,0,2,0
2009,"Babencho",2,"Fished","After",0,0,0,0,0,2,0,3,0,4,0
2009,"Babencho",3,"Fished","After",0,2,0,0,0,1,2,4,0,7,0
2009,"Babencho",4,"Fished","After",0,0,0,2,0,1,3,0,0,1,0
2009,"Babencho",5,"Fished","After",0,0,6,0,0,3,0,18,0,13,0
2009,"Babencho",6,"Fished","After",0,0,2,0,1,5,0,9,0,8,0
2009,"Babencho",7,"Fished","After",0,0,0,0,0,0,0,2,0,2,0
2009,"Babencho",8,"Fished","After",0,0,0,0,0,0,0,7,0,3,0
2009,"Babencho",9,"Fished","After",0,60,0,0,0,8,0,8,0,21,0
2009,"Babencho",10,"Fished","After",0,0,1,3,0,8,0,4,0,7,0
2009,"Babencho",11,"Fished","After",0,0,0,0,0,3,0,15,0,8,0
2009,"Babencho",12,"Fished","After",0,0,2,0,0,1,0,2,0,3,0
2009,"Babencho",13,"Fished","After",0,0,0,0,0,0,0,1,0,1,0
2009,"Babencho",14,"Fished","After",0,0,0,0,0,0,0,8,0,7,0
2010,"Babencho",1,"Fished","After",0,0,0,0,0,0,0,16,0,6,0
2010,"Babencho",2,"Fished","After",0,0,0,0,0,3,0,10,0,1,0
2010,"Babencho",3,"Fished","After",0,0,0,0,0,1,0,8,0,4,0
2010,"Babencho",4,"Fished","After",0,0,0,0,0,0,0,3,0,0,0
2010,"Babencho",5,"Fished","After",0,0,10,0,0,0,0,4,0,1,0
2010,"Babencho",6,"Fished","After",0,0,0,0,1,0,0,7,0,3,0
2010,"Babencho",7,"Fished","After",0,0,0,0,0,0,3,6,0,8,0
2010,"Babencho",8,"Fished","After",0,0,0,0,0,0,2,37,0,1,0
2010,"Babencho",9,"Fished","After",0,0,0,0,0,3,1,11,0,14,0
2010,"Babencho",10,"Fished","After",0,0,0,0,0,0,0,9,0,2,0
2010,"Babencho",11,"Fished","After",0,0,0,0,0,0,0,0,0,6,0
2010,"Babencho",12,"Fished","After",0,0,0,0,0,1,0,7,0,3,0
2010,"Babencho",13,"Fished","After",0,0,0,0,0,0,2,3,0,3,0
2010,"Babencho",14,"Fished","After",0,0,0,0,0,1,0,3,0,7,0
2010,"Babencho",15,"Fished","After",0,0,0,0,0,0,0,6,0,4,0
2010,"Babencho",16,"Fished","After",0,0,0,1,1,4,5,4,0,1,0
2010,"Babencho",17,"Fished","After",0,0,0,0,0,0,0,4,0,5,0
2010,"Babencho",18,"Fished","After",0,0,0,0,0,0,0,7,0,8,0
2010,"Babencho",19,"Fished","After",0,0,0,0,0,0,0,1,0,3,0
2010,"Babencho",20,"Fished","After",0,0,0,0,0,0,0,1,0,4,0
2010,"Babencho",21,"Fished","After",0,0,0,0,0,1,0,5,0,6,0
2010,"Babencho",22,"Fished","After",0,0,0,0,0,0,1,3,0,6,0
2010,"Babencho",23,"Fished","After",0,0,0,0,0,8,1,4,0,6,0
2010,"Babencho",24,"Fished","After",0,0,0,0,1,3,0,3,0,1,0
2010,"Babencho",25,"Fished","After",2,0,3,0,1,3,0,8,0,5,0
2011,"Babencho",1,"Fished","After",0,0,0,0,0,0,0,7,0,3,0
2011,"Babencho",2,"Fished","After",0,0,0,0,0,0,6,0,0,0,0
2011,"Babencho",3,"Fished","After",0,0,0,0,0,0,2,4,0,0,0
2011,"Babencho",4,"Fished","After",0,0,0,0,0,1,0,8,0,7,0
2011,"Babencho",5,"Fished","After",1,2,0,0,0,0,2,4,0,6,0
2011,"Babencho",6,"Fished","After",0,0,1,2,0,7,0,15,0,7,0
2011,"Babencho",7,"Fished","After",0,0,0,1,0,7,0,10,0,12,0
2011,"Babencho",8,"Fished","After",0,0,6,0,0,6,0,10,0,8,0
2011,"Babencho",9,"Fished","After",0,0,0,0,1,0,0,3,0,0,0
2011,"Babencho",10,"Fished","After",0,0,0,0,0,2,8,14,0,13,0
2011,"Babencho",11,"Fished","After",0,0,0,0,0,1,12,9,0,4,0
2011,"Babencho",12,"Fished","After",0,0,0,0,0,0,10,15,0,7,0
2011,"Babencho",13,"Fished","After",0,0,0,0,0,2,0,3,0,2,0
2011,"Babencho",14,"Fished","After",0,0,0,0,0,0,0,1,0,1,0
2011,"Babencho",15,"Fished","After",0,0,0,0,0,0,0,11,0,0,0
2011,"Babencho",16,"Fished","After",0,0,0,0,0,1,0,3,1,2,0
2011,"Babencho",17,"Fished","After",0,0,0,0,0,0,0,1,2,1,0
2011,"Babencho",18,"Fished","After",0,0,0,0,0,1,0,7,0,2,0
2011,"Babencho",19,"Fished","After",0,0,0,0,0,0,0,16,0,12,0
2011,"Babencho",20,"Fished","After",0,0,0,0,0,0,0,3,0,6,0
2011,"Babencho",21,"Fished","After",0,0,0,0,0,0,0,6,0,2,0
2011,"Babencho",22,"Fished","After",0,0,0,0,0,0,0,0,0,0,0
2012,"Babencho",1,"Fished","After",0,0,0,0,0,2,3,8,0,12,0
2012,"Babencho",2,"Fished","After",0,0,0,0,0,0,0,7,0,4,0
2012,"Babencho",3,"Fished","After",0,0,0,0,0,0,0,6,0,11,0
2012,"Babencho",4,"Fished","After",0,0,0,0,0,2,1,36,0,3,0
2012,"Babencho",5,"Fished","After",0,1,0,0,0,6,0,7,0,18,0
2012,"Babencho",6,"Fished","After",0,0,0,0,0,1,0,33,0,5,0
2012,"Babencho",7,"Fished","After",0,2,0,0,0,2,0,14,0,9,0
2012,"Babencho",8,"Fished","After",0,0,0,0,0,2,8,12,0,1,0
2012,"Babencho",9,"Fished","After",0,0,0,0,0,0,0,13,0,13,0
2012,"Babencho",10,"Fished","After",0,0,0,0,0,0,0,6,0,5,0
2012,"Babencho",11,"Fished","After",0,0,0,0,0,1,0,13,0,5,0
2012,"Babencho",12,"Fished","After",0,0,0,0,0,3,0,11,0,3,0
2012,"Babencho",13,"Fished","After",0,1,0,0,0,0,0,13,0,2,0
2012,"Babencho",14,"Fished","After",0,3,0,0,0,0,0,6,0,12,0
2012,"Babencho",15,"Fished","After",0,0,0,0,0,0,0,10,0,1,0
2012,"Babencho",16,"Fished","After",0,1,0,0,0,0,0,13,0,12,0
2012,"Babencho",17,"Fished","After",0,0,0,3,0,0,0,3,0,1,0
2012,"Babencho",18,"Fished","After",0,0,0,0,0,5,1,3,0,5,0
2012,"Babencho",19,"Fished","After",0,0,0,0,0,0,0,1,0,4,0
2012,"Babencho",20,"Fished","After",0,0,0,0,0,0,0,4,0,5,0
2014,"Babencho",1,"Fished","After",0,0,0,0,0,0,0,5,0,6,0
2014,"Babencho",2,"Fished","After",1,0,0,0,0,0,0,0,0,10,0
2014,"Babencho",3,"Fished","After",0,0,0,11,0,6,5,8,0,9,0
2014,"Babencho",4,"Fished","After",0,0,0,0,0,0,0,0,0,2,0
2014,"Babencho",5,"Fished","After",1,0,0,0,0,0,0,26,0,20,0
2014,"Babencho",6,"Fished","After",0,0,0,0,0,0,4,4,0,3,0
2014,"Babencho",7,"Fished","After",0,0,0,0,0,8,0,3,0,7,0
2014,"Babencho",8,"Fished","After",1,0,0,0,0,0,0,13,0,3,0
2014,"Babencho",9,"Fished","After",0,0,0,0,0,1,0,6,0,1,0
2014,"Babencho",10,"Fished","After",0,0,0,0,1,5,0,6,0,0,0
2014,"Babencho",11,"Fished","After",0,0,0,0,0,9,0,3,0,10,0
2014,"Babencho",12,"Fished","After",0,0,0,0,0,3,4,9,0,2,0
2014,"Babencho",13,"Fished","After",1,0,0,0,0,1,4,35,0,10,0
2014,"Babencho",14,"Fished","After",0,0,0,0,0,1,0,0,0,4,0
2014,"Babencho",15,"Fished","After",0,0,0,0,0,1,0,3,0,2,0
2014,"Babencho",16,"Fished","After",0,0,0,0,0,0,0,2,0,3,0
2014,"Babencho",17,"Fished","After",0,0,7,1,0,3,0,1,0,2,0
2014,"Babencho",18,"Fished","After",0,0,0,0,0,1,0,20,0,8,0
2014,"Babencho",19,"Fished","After",0,0,2,0,0,2,0,10,0,5,0
2014,"Babencho",20,"Fished","After",0,0,0,0,0,0,0,14,0,7,0
2007,"LaBarrita",1,"Fished","Before",0,0,0,0,0,3,0,11,0,2,0
2007,"LaBarrita",2,"Fished","Before",0,0,0,0,1,9,0,4,0,0,0
2007,"LaBarrita",3,"Fished","Before",1,0,0,7,0,0,0,13,0,2,0
2007,"LaBarrita",4,"Fished","Before",0,0,0,0,0,1,0,17,0,0,0
2007,"LaBarrita",5,"Fished","Before",0,0,0,15,0,1,3,11,0,0,0
2007,"LaBarrita",6,"Fished","Before",0,0,0,0,0,7,1,5,0,1,0
2007,"LaBarrita",7,"Fished","Before",0,0,0,35,0,1,0,12,0,3,0
2007,"LaBarrita",8,"Fished","Before",1,0,0,6,0,1,0,3,0,0,0
2007,"LaBarrita",9,"Fished","Before",0,0,0,12,0,2,0,2,0,3,0
2007,"LaBarrita",10,"Fished","Before",0,0,0,0,0,5,0,1,0,1,0
2007,"LaBarrita",11,"Fished","Before",0,0,0,1,0,1,0,3,0,2,0
2007,"LaBarrita",12,"Fished","Before",0,0,0,0,0,0,0,5,0,0,0
2007,"LaBarrita",13,"Fished","Before",0,0,0,0,0,1,0,2,0,3,0
2007,"LaBarrita",14,"Fished","Before",0,0,0,0,0,8,0,3,0,3,0
2007,"LaBarrita",15,"Fished","Before",0,0,0,0,0,4,0,9,0,2,0
2007,"LaBarrita",16,"Fished","Before",0,0,0,0,0,1,0,9,0,3,0
2008,"LaBarrita",1,"Fished","Before",0,0,0,1,0,2,0,4,0,2,0
2008,"LaBarrita",2,"Fished","Before",0,0,0,0,0,0,0,1,0,2,0
2008,"LaBarrita",3,"Fished","Before",0,0,3,2,0,12,0,15,0,15,0
2008,"LaBarrita",4,"Fished","Before",0,0,0,6,0,10,2,19,0,11,0
2008,"LaBarrita",5,"Fished","Before",0,0,9,0,0,4,0,16,0,10,0
2008,"LaBarrita",6,"Fished","Before",0,0,10,0,1,6,0,21,0,9,0
2008,"LaBarrita",7,"Fished","Before",0,0,0,0,0,6,0,1,0,1,0
2008,"LaBarrita",8,"Fished","Before",0,0,0,0,0,3,0,20,0,1,0
2008,"LaBarrita",9,"Fished","Before",0,0,0,0,0,6,4,16,0,8,0
2008,"LaBarrita",10,"Fished","Before",0,0,2,1,0,4,7,20,0,6,0
2008,"LaBarrita",11,"Fished","Before",0,0,1,1,0,9,1,12,0,11,0
2008,"LaBarrita",12,"Fished","Before",0,0,1,6,1,5,6,34,0,19,0
2008,"LaBarrita",13,"Fished","Before",0,0,0,0,0,4,4,5,0,16,0
2008,"LaBarrita",14,"Fished","Before",0,0,0,0,0,8,3,19,0,15,0
2008,"LaBarrita",15,"Fished","Before",0,0,1,1,0,2,0,4,0,1,0
2008,"LaBarrita",16,"Fished","Before",0,0,3,4,0,5,0,16,0,7,0
2008,"LaBarrita",17,"Fished","Before",2,0,0,4,0,2,0,14,0,5,0
2008,"LaBarrita",18,"Fished","Before",0,0,0,0,1,2,2,11,0,4,0
2008,"LaBarrita",19,"Fished","Before",0,0,0,0,0,0,0,2,0,1,0
2008,"LaBarrita",20,"Fished","Before",0,0,0,0,0,3,1,8,0,1,0
2009,"LaBarrita",1,"Fished","After",0,0,0,0,0,5,0,4,0,2,0
2009,"LaBarrita",2,"Fished","After",0,0,1,0,0,10,0,2,0,10,0
2009,"LaBarrita",3,"Fished","After",0,0,0,0,0,6,8,13,0,7,0
2009,"LaBarrita",4,"Fished","After",0,0,2,0,0,5,14,17,0,12,0
2009,"LaBarrita",5,"Fished","After",0,0,0,0,0,3,0,6,0,3,0
2009,"LaBarrita",6,"Fished","After",0,0,0,0,0,0,0,4,0,2,0
2009,"LaBarrita",7,"Fished","After",0,0,0,1,0,8,0,13,0,5,0
2009,"LaBarrita",8,"Fished","After",0,0,5,0,0,0,2,22,0,1,0
2009,"LaBarrita",9,"Fished","After",0,0,0,0,0,4,0,7,0,5,0
2009,"LaBarrita",10,"Fished","After",0,0,0,2,0,1,0,1,0,4,0
2009,"LaBarrita",11,"Fished","After",0,0,0,0,0,3,0,2,0,1,0
2009,"LaBarrita",12,"Fished","After",0,0,0,8,0,1,0,7,0,0,0
2009,"LaBarrita",13,"Fished","After",0,0,0,0,0,2,0,10,0,2,0
2009,"LaBarrita",14,"Fished","After",0,0,0,5,0,7,3,10,0,13,0
2009,"LaBarrita",15,"Fished","After",2,0,3,0,0,12,2,33,0,12,0
2009,"LaBarrita",16,"Fished","After",0,0,0,0,0,0,0,147,0,0,0
2009,"LaBarrita",17,"Fished","After",0,0,0,0,0,7,0,7,0,0,0
2009,"LaBarrita",18,"Fished","After",0,0,0,0,0,3,0,6,0,2,0
2009,"LaBarrita",19,"Fished","After",0,0,0,0,0,0,1,9,0,11,0
2009,"LaBarrita",20,"Fished","After",0,0,0,1,0,8,0,14,0,9,0
2009,"LaBarrita",21,"Fished","After",1,0,0,0,0,2,0,9,0,6,0
2009,"LaBarrita",22,"Fished","After",0,0,0,0,0,2,0,3,0,5,0
2009,"LaBarrita",23,"Fished","After",0,0,0,0,0,0,0,21,0,8,0
2009,"LaBarrita",24,"Fished","After",0,0,0,8,0,12,1,3,0,5,0
2009,"LaBarrita",25,"Fished","After",0,0,0,0,0,0,0,2,0,8,0
2006,"LaDulce",1,"Fished","Before",1,0,0,0,0,0,0,0,0,7,0
2006,"LaDulce",2,"Fished","Before",0,0,0,0,0,0,0,2,0,0,0
2006,"LaDulce",3,"Fished","Before",0,0,0,0,0,0,0,0,0,7,0
2006,"LaDulce",4,"Fished","Before",7,4,0,0,0,0,0,3,0,9,0
2006,"LaDulce",5,"Fished","Before",0,0,0,0,1,0,0,0,0,7,0
2006,"LaDulce",6,"Fished","Before",5,0,0,0,0,0,12,2,0,4,0
2006,"LaDulce",7,"Fished","Before",0,0,0,8,0,9,0,1,0,0,0
2006,"LaDulce",8,"Fished","Before",1,0,0,21,0,6,7,3,0,0,0
2006,"LaDulce",9,"Fished","Before",3,0,0,12,0,3,7,3,0,3,0
2006,"LaDulce",10,"Fished","Before",0,0,0,11,0,7,1,1,0,0,0
2006,"LaDulce",11,"Fished","Before",0,0,0,10,0,6,8,4,0,9,0
2006,"LaDulce",12,"Fished","Before",3,0,0,1,0,5,7,0,0,0,0
2007,"LaDulce",1,"Fished","Before",0,0,0,0,0,1,0,5,0,5,4
2007,"LaDulce",2,"Fished","Before",0,0,4,0,2,4,0,16,0,24,0
2007,"LaDulce",3,"Fished","Before",0,0,0,1,0,4,10,6,0,4,2
2007,"LaDulce",4,"Fished","Before",0,0,0,0,0,0,10,6,0,0,0
2007,"LaDulce",5,"Fished","Before",0,0,0,0,0,1,0,6,0,2,0
2007,"LaDulce",6,"Fished","Before",0,0,0,4,0,1,0,22,0,10,0
2007,"LaDulce",7,"Fished","Before",0,0,0,0,0,2,0,15,0,9,0
2007,"LaDulce",8,"Fished","Before",0,0,0,0,0,6,0,9,0,8,0
2007,"LaDulce",9,"Fished","Before",0,0,0,0,1,1,0,3,0,11,0
2007,"LaDulce",10,"Fished","Before",4,0,0,0,1,2,7,6,0,2,0
2007,"LaDulce",11,"Fished","Before",0,0,0,0,1,0,0,9,0,6,0
2007,"LaDulce",12,"Fished","Before",1,0,0,0,1,0,0,3,0,2,0
2007,"LaDulce",13,"Fished","Before",0,0,0,0,0,2,0,1,0,3,0
2007,"LaDulce",14,"Fished","Before",0,0,0,0,1,1,1,2,0,4,0
2007,"LaDulce",15,"Fished","Before",0,0,0,0,1,0,0,4,0,6,0
2007,"LaDulce",16,"Fished","Before",0,0,0,0,1,7,0,5,0,4,0
2008,"LaDulce",1,"Fished","Before",0,0,0,0,0,3,0,0,0,7,0
2008,"LaDulce",2,"Fished","Before",0,0,0,0,0,0,0,0,0,1,0
2008,"LaDulce",3,"Fished","Before",0,2,0,0,0,0,0,4,0,2,0
2008,"LaDulce",4,"Fished","Before",0,0,0,0,0,0,0,0,0,0,0
2008,"LaDulce",5,"Fished","Before",0,0,0,0,0,0,3,4,0,11,0
2008,"LaDulce",6,"Fished","Before",1,1,0,0,1,0,0,5,0,18,0
2008,"LaDulce",7,"Fished","Before",21,1,0,0,0,0,6,8,0,33,0
2008,"LaDulce",8,"Fished","Before",0,0,0,0,0,0,1,0,0,4,0
2008,"LaDulce",9,"Fished","Before",0,4,0,3,0,5,0,9,0,17,0
2008,"LaDulce",10,"Fished","Before",0,0,0,0,0,2,0,3,0,5,0
2008,"LaDulce",11,"Fished","Before",0,1,0,0,0,0,0,1,0,3,0
2008,"LaDulce",12,"Fished","Before",0,0,0,0,0,0,0,0,0,1,0
2008,"LaDulce",13,"Fished","Before",0,0,1,0,2,4,48,5,0,1,0
2008,"LaDulce",14,"Fished","Before",0,0,0,0,0,2,0,1,0,2,0
2008,"LaDulce",15,"Fished","Before",0,0,3,0,2,11,14,3,0,3,0
2008,"LaDulce",16,"Fished","Before",0,0,0,0,1,4,15,5,0,2,0
2009,"LaDulce",1,"Fished","After",0,0,0,0,0,2,0,0,0,1,0
2009,"LaDulce",2,"Fished","After",0,0,0,0,0,0,0,0,0,4,0
2009,"LaDulce",3,"Fished","After",0,0,0,0,0,6,0,0,0,6,0
2009,"LaDulce",4,"Fished","After",0,0,0,0,0,0,1,5,0,13,0
2009,"LaDulce",5,"Fished","After",0,0,0,0,0,0,6,0,0,10,0
2009,"LaDulce",6,"Fished","After",0,0,0,0,0,0,0,0,0,3,0
2009,"LaDulce",7,"Fished","After",0,0,0,3,0,3,0,0,0,4,0
2009,"LaDulce",8,"Fished","After",0,0,0,0,0,0,0,2,0,4,0
2009,"LaDulce",9,"Fished","After",0,1,0,0,0,0,0,0,0,13,0
2009,"LaDulce",10,"Fished","After",0,0,0,0,0,7,1,7,0,14,0
2009,"LaDulce",11,"Fished","After",0,0,0,0,0,0,0,2,0,11,0
2009,"LaDulce",12,"Fished","After",0,0,0,0,0,5,1,8,0,9,0
2009,"LaDulce",13,"Fished","After",0,0,0,0,0,0,0,0,0,5,0
2009,"LaDulce",14,"Fished","After",0,0,0,0,0,2,0,0,0,17,0
2009,"LaDulce",15,"Fished","After",0,0,0,2,0,6,0,0,0,3,0
2009,"LaDulce",16,"Fished","After",0,0,0,0,0,0,0,0,0,3,0
2009,"LaDulce",17,"Fished","After",0,0,0,0,0,2,0,0,0,3,0
2009,"LaDulce",18,"Fished","After",0,0,0,37,0,6,0,0,0,2,0
2009,"LaDulce",19,"Fished","After",0,0,0,0,0,0,0,2,0,3,0
2009,"LaDulce",20,"Fished","After",0,0,3,10,0,3,0,12,3,12,0
2009,"LaDulce",21,"Fished","After",0,0,0,6,1,5,13,4,0,4,0
2009,"LaDulce",22,"Fished","After",0,0,0,1,0,4,0,3,0,8,0
2009,"LaDulce",23,"Fished","After",2,0,0,2,0,8,15,14,0,8,0
2009,"LaDulce",24,"Fished","After",0,0,2,0,0,0,0,2,0,7,0
2009,"LaDulce",25,"Fished","After",0,0,0,0,1,1,0,0,0,6,0
2010,"LaDulce",8,"Fished","After",0,0,0,1,0,0,26,0,0,4,0
2010,"LaDulce",9,"Fished","After",0,0,0,0,0,4,2,20,0,7,0
2010,"LaDulce",10,"Fished","After",0,0,0,0,3,7,10,9,0,6,0
2010,"LaDulce",11,"Fished","After",0,0,0,0,2,4,0,4,0,9,0
2010,"LaDulce",12,"Fished","After",0,2,0,0,2,5,2,6,0,6,0
2010,"LaDulce",13,"Fished","After",0,0,0,0,1,3,0,9,0,7,0
2010,"LaDulce",14,"Fished","After",0,0,0,0,0,0,0,4,0,9,0
2010,"LaDulce",15,"Fished","After",0,0,0,0,0,3,6,16,0,7,0
2010,"LaDulce",16,"Fished","After",0,0,0,0,0,2,0,5,0,9,0
2010,"LaDulce",17,"Fished","After",0,0,0,0,0,3,1,3,0,1,0
2010,"LaDulce",18,"Fished","After",0,1,0,0,0,5,0,0,0,5,0
2010,"LaDulce",19,"Fished","After",0,0,0,0,0,0,0,6,0,4,0
2010,"LaDulce",20,"Fished","After",0,0,0,0,0,0,2,2,0,2,0
2010,"LaDulce",21,"Fished","After",0,0,0,0,0,0,3,0,0,1,0
2010,"LaDulce",22,"Fished","After",0,0,0,0,0,1,24,2,0,4,0
2010,"LaDulce",23,"Fished","After",0,2,0,0,0,0,2,0,0,1,0
2010,"LaDulce",24,"Fished","After",0,0,0,0,0,2,1,6,0,10,0
2010,"LaDulce",25,"Fished","After",0,1,0,0,0,0,0,0,0,12,0
2010,"LaDulce",26,"Fished","After",0,1,0,0,0,5,5,6,0,15,0
2010,"LaDulce",27,"Fished","After",0,0,0,0,0,0,0,1,0,5,0
2011,"LaDulce",1,"Fished","After",0,0,0,0,0,0,0,5,0,8,0
2011,"LaDulce",2,"Fished","After",0,0,6,0,0,2,85,0,0,1,0
2011,"LaDulce",3,"Fished","After",0,0,0,0,0,0,0,0,0,1,0
2011,"LaDulce",4,"Fished","After",0,0,0,0,0,6,7,0,0,4,0
2011,"LaDulce",5,"Fished","After",0,0,0,0,0,11,0,3,0,12,0
2011,"LaDulce",6,"Fished","After",0,0,7,1,3,5,0,1,0,5,0
2011,"LaDulce",7,"Fished","After",0,8,0,0,0,6,0,0,0,4,0
2011,"LaDulce",8,"Fished","After",0,0,0,2,0,8,5,3,0,7,0
2011,"LaDulce",9,"Fished","After",0,0,0,0,0,4,0,2,0,5,0
2011,"LaDulce",10,"Fished","After",1,0,0,6,0,11,0,3,0,5,0
2011,"LaDulce",11,"Fished","After",0,0,0,0,0,1,0,0,0,5,0
2011,"LaDulce",12,"Fished","After",0,0,6,0,5,6,23,2,0,21,0
2011,"LaDulce",13,"Fished","After",0,3,0,0,0,5,1,5,0,9,0
2011,"LaDulce",14,"Fished","After",0,0,0,0,1,12,8,5,0,15,0
2011,"LaDulce",15,"Fished","After",0,0,0,0,0,0,32,0,0,4,1
2011,"LaDulce",16,"Fished","After",0,0,0,0,0,0,15,1,0,3,0
2011,"LaDulce",17,"Fished","After",0,0,1,0,0,2,0,0,0,0,0
2011,"LaDulce",18,"Fished","After",0,0,0,0,0,2,0,8,0,12,0
2011,"LaDulce",19,"Fished","After",0,0,0,0,0,5,0,2,0,6,0
2011,"LaDulce",20,"Fished","After",0,1,0,2,0,3,0,13,0,9,0
2011,"LaDulce",21,"Fished","After",0,1,0,1,0,6,0,3,0,4,0
2011,"LaDulce",22,"Fished","After",0,0,4,1,2,6,76,6,0,3,0
2011,"LaDulce",23,"Fished","After",1,0,0,0,0,4,30,7,0,3,0
2011,"LaDulce",24,"Fished","After",3,0,0,4,0,6,15,10,0,8,0
2011,"LaDulce",25,"Fished","After",0,0,0,0,0,2,10,29,0,0,0
2012,"LaDulce",1,"Fished","After",0,0,0,0,0,12,2,20,0,11,0
2012,"LaDulce",2,"Fished","After",0,0,0,4,0,3,2,18,0,14,0
2012,"LaDulce",3,"Fished","After",0,1,0,1,1,4,0,3,0,6,0
2012,"LaDulce",4,"Fished","After",0,0,0,0,0,3,0,14,0,2,0
2012,"LaDulce",5,"Fished","After",140,0,1,0,1,3,0,9,0,16,0
2012,"LaDulce",6,"Fished","After",0,0,0,2,0,9,3,12,0,16,0
2012,"LaDulce",7,"Fished","After",1,4,0,3,0,6,0,23,0,12,0
2012,"LaDulce",8,"Fished","After",0,1,0,4,0,5,0,12,0,14,0
2012,"LaDulce",9,"Fished","After",0,0,0,1,0,2,0,11,0,18,0
2012,"LaDulce",10,"Fished","After",2,0,0,2,0,6,0,4,0,22,0
2012,"LaDulce",11,"Fished","After",0,0,0,0,0,4,0,29,0,19,0
2012,"LaDulce",12,"Fished","After",0,0,0,0,0,3,20,12,0,23,0
2012,"LaDulce",13,"Fished","After",0,0,0,0,0,1,4,14,0,3,0
2012,"LaDulce",14,"Fished","After",0,0,1,0,0,2,50,4,0,7,0
2012,"LaDulce",15,"Fished","After",0,0,0,0,7,6,10,7,0,2,0
2012,"LaDulce",16,"Fished","After",0,0,0,0,0,0,0,4,0,0,0
2012,"LaDulce",17,"Fished","After",0,0,0,1,3,3,10,5,0,5,0
2012,"LaDulce",18,"Fished","After",1,0,2,0,1,5,0,1,0,14,0
2012,"LaDulce",19,"Fished","After",0,0,0,0,0,1,4,7,0,14,19
2012,"LaDulce",20,"Fished","After",0,4,0,0,0,0,4,12,0,17,0
2012,"LaDulce",21,"Fished","After",0,11,0,0,0,0,0,13,0,6,23
2012,"LaDulce",22,"Fished","After",0,0,0,0,2,0,3,16,0,6,0
2012,"LaDulce",23,"Fished","After",0,0,2,0,0,0,12,8,0,6,12
2012,"LaDulce",24,"Fished","After",0,0,1,0,0,0,19,7,0,9,0
2013,"LaDulce",1,"Fished","After",0,1,0,0,1,0,32,8,0,8,0
2013,"LaDulce",2,"Fished","After",1,0,0,0,5,6,7,8,0,5,0
2013,"LaDulce",3,"Fished","After",0,0,0,3,0,6,0,13,0,15,0
2013,"LaDulce",4,"Fished","After",23,0,3,11,1,15,0,22,2,17,0
2013,"LaDulce",5,"Fished","After",0,0,0,0,0,1,0,6,0,1,0
2013,"LaDulce",6,"Fished","After",1,0,0,2,0,2,0,15,2,6,0
2013,"LaDulce",7,"Fished","After",0,1,0,0,0,1,22,14,0,17,0
2013,"LaDulce",8,"Fished","After",5,0,1,0,1,7,16,19,0,15,0
2013,"LaDulce",9,"Fished","After",0,0,0,0,2,9,14,36,0,25,0
2013,"LaDulce",10,"Fished","After",29,2,2,7,0,6,21,38,0,26,0
2013,"LaDulce",11,"Fished","After",0,1,0,0,2,3,0,21,0,23,3
2013,"LaDulce",12,"Fished","After",2,0,4,0,0,2,0,22,1,9,0
2013,"LaDulce",13,"Fished","After",0,0,1,0,2,8,0,8,0,22,0
2013,"LaDulce",14,"Fished","After",12,0,9,21,0,3,0,25,0,13,0
2013,"LaDulce",15,"Fished","After",0,0,0,0,2,2,0,7,0,8,0
2013,"LaDulce",16,"Fished","After",30,0,0,0,2,1,0,6,0,7,0
2013,"LaDulce",17,"Fished","After",0,0,0,3,0,4,0,10,0,10,0
2013,"LaDulce",18,"Fished","After",0,0,0,2,0,9,0,20,0,13,0
2013,"LaDulce",19,"Fished","After",0,3,0,0,0,0,0,18,0,8,4
2013,"LaDulce",20,"Fished","After",0,0,0,6,4,2,25,29,0,23,0
2014,"LaDulce",1,"Fished","After",0,0,0,0,0,1,0,2,0,3,0
2014,"LaDulce",2,"Fished","After",0,0,0,0,0,0,0,0,0,0,0
2014,"LaDulce",3,"Fished","After",0,2,0,0,1,0,4,3,0,2,1
2014,"LaDulce",4,"Fished","After",0,0,0,0,0,0,0,0,0,0,1
2014,"LaDulce",5,"Fished","After",0,4,0,0,1,0,0,16,0,7,1
2014,"LaDulce",6,"Fished","After",0,1,0,0,0,0,0,36,0,8,1
2014,"LaDulce",7,"Fished","After",0,1,0,0,0,0,0,1,0,2,0
2014,"LaDulce",8,"Fished","After",0,0,0,0,0,0,0,2,0,5,0
2014,"LaDulce",9,"Fished","After",0,0,0,0,0,0,0,2,0,3,1
2014,"LaDulce",10,"Fished","After",0,2,0,0,0,4,0,11,0,8,0
2014,"LaDulce",11,"Fished","After",0,0,0,0,0,2,0,8,0,11,0
2014,"LaDulce",12,"Fished","After",0,0,1,0,1,6,39,6,0,11,0
2014,"LaDulce",13,"Fished","After",0,0,0,0,0,6,5,0,0,2,0
2014,"LaDulce",14,"Fished","After",0,0,0,0,0,2,10,2,0,3,0
2014,"LaDulce",15,"Fished","After",0,1,0,2,0,9,10,10,0,8,0
2014,"LaDulce",16,"Fished","After",0,0,0,0,0,4,0,10,0,6,0
2014,"LaDulce",17,"Fished","After",0,0,0,0,0,17,0,8,0,8,0
2014,"LaDulce",18,"Fished","After",0,0,0,4,4,11,0,7,0,6,0
2007,"LaGuanera",1,"Fished","Before",0,0,0,0,0,0,0,6,0,16,0
2007,"LaGuanera",2,"Fished","Before",0,0,1,0,0,0,0,13,0,10,0
2007,"LaGuanera",3,"Fished","Before",1,0,0,0,0,0,0,7,0,10,0
2007,"LaGuanera",4,"Fished","Before",1,0,0,0,0,1,1,7,0,3,0
2007,"LaGuanera",5,"Fished","Before",0,0,0,2,0,0,0,2,0,5,0
2007,"LaGuanera",6,"Fished","Before",20,0,0,1,0,2,0,2,0,1,0
2007,"LaGuanera",7,"Fished","Before",0,0,0,0,0,0,0,14,0,9,0
2007,"LaGuanera",8,"Fished","Before",0,0,0,4,0,1,0,7,0,7,0
2007,"LaGuanera",9,"Fished","Before",3,0,1,0,0,1,0,18,0,6,0
2007,"LaGuanera",10,"Fished","Before",10,0,0,0,0,0,0,10,0,2,0
2007,"LaGuanera",11,"Fished","Before",0,0,0,0,0,0,0,13,0,7,0
2007,"LaGuanera",12,"Fished","Before",0,0,0,4,0,0,0,13,0,10,0
2007,"LaGuanera",13,"Fished","Before",0,0,0,1,0,2,2,13,0,7,0
2007,"LaGuanera",14,"Fished","Before",0,0,0,0,0,0,0,7,0,4,0
2007,"LaGuanera",15,"Fished","Before",1,0,0,0,0,3,0,18,1,9,0
2008,"LaGuanera",1,"Fished","Before",0,0,0,0,0,0,1,4,0,1,0
2008,"LaGuanera",2,"Fished","Before",0,0,2,0,0,2,3,4,0,4,0
2008,"LaGuanera",3,"Fished","Before",0,0,0,0,0,0,0,5,0,0,0
2008,"LaGuanera",4,"Fished","Before",0,0,0,0,0,1,0,6,0,0,0
2008,"LaGuanera",5,"Fished","Before",0,0,0,1,0,5,3,3,0,14,0
2008,"LaGuanera",6,"Fished","Before",1,0,2,1,0,0,1,1,0,6,0
2008,"LaGuanera",7,"Fished","Before",0,0,0,0,0,0,3,6,0,9,0
2008,"LaGuanera",8,"Fished","Before",0,0,0,0,0,0,11,5,0,20,0
2008,"LaGuanera",9,"Fished","Before",0,0,0,0,0,0,0,6,0,4,0
2008,"LaGuanera",10,"Fished","Before",0,0,1,0,1,8,0,13,0,16,0
2008,"LaGuanera",11,"Fished","Before",0,0,0,0,0,0,0,9,0,5,0
2008,"LaGuanera",12,"Fished","Before",0,0,3,6,0,2,0,5,0,2,0
2008,"LaGuanera",13,"Fished","Before",0,0,3,0,0,4,0,1,0,0,0
2008,"LaGuanera",14,"Fished","Before",0,0,0,0,0,4,0,3,0,1,0
2008,"LaGuanera",15,"Fished","Before",3,0,2,1,0,0,2,2,0,1,0
2008,"LaGuanera",16,"Fished","Before",0,0,0,0,0,1,0,4,0,3,0
2008,"LaGuanera",17,"Fished","Before",30,0,0,0,0,4,5,4,0,8,0
2008,"LaGuanera",18,"Fished","Before",0,0,0,0,2,15,2,0,0,7,0
2008,"LaGuanera",19,"Fished","Before",23,0,0,0,0,4,12,31,0,6,0
2008,"LaGuanera",20,"Fished","Before",42,0,0,2,0,5,0,0,0,3,0
2008,"LaGuanera",21,"Fished","Before",0,0,0,20,2,3,0,6,0,2,0
2009,"LaGuanera",1,"Fished","After",0,0,0,0,0,0,0,4,0,6,0
2009,"LaGuanera",2,"Fished","After",0,0,1,0,0,0,1,5,2,1,0
2009,"LaGuanera",3,"Fished","After",0,0,0,1,0,3,3,0,0,14,0
2009,"LaGuanera",4,"Fished","After",0,0,4,6,0,0,10,12,0,2,0
2009,"LaGuanera",5,"Fished","After",0,0,0,0,0,0,0,6,0,13,0
2009,"LaGuanera",6,"Fished","After",0,0,2,0,0,3,7,10,0,3,0
2009,"LaGuanera",7,"Fished","After",0,0,0,0,0,0,0,5,0,3,0
2009,"LaGuanera",8,"Fished","After",1,0,0,1,0,1,0,19,0,1,0
2009,"LaGuanera",9,"Fished","After",2,0,0,0,0,0,1,8,0,9,0
2009,"LaGuanera",10,"Fished","After",2,0,1,1,0,10,2,10,0,4,0
2009,"LaGuanera",11,"Fished","After",0,0,0,0,0,1,0,7,0,5,0
2009,"LaGuanera",12,"Fished","After",0,0,2,0,0,0,19,16,0,2,0
2009,"LaGuanera",13,"Fished","After",0,0,0,8,0,0,0,3,0,6,0
2009,"LaGuanera",14,"Fished","After",0,0,0,0,0,0,0,20,0,2,0
2009,"LaGuanera",15,"Fished","After",0,0,0,0,0,3,0,1,0,3,0
2009,"LaGuanera",16,"Fished","After",2,0,0,0,1,3,0,6,0,5,0
2009,"LaGuanera",17,"Fished","After",1,0,0,0,0,2,0,5,0,4,0
2009,"LaGuanera",18,"Fished","After",0,0,2,0,0,7,0,7,0,4,0
2009,"LaGuanera",19,"Fished","After",1,0,0,0,2,1,0,9,0,0,0
2009,"LaGuanera",20,"Fished","After",0,0,0,0,0,1,0,3,0,3,0
2009,"LaGuanera",21,"Fished","After",1,0,0,0,1,6,0,6,0,1,0
2009,"LaGuanera",22,"Fished","After",8,0,0,7,0,8,3,6,0,13,0
2009,"LaGuanera",23,"Fished","After",1,0,1,0,3,1,0,23,1,12,0
2010,"LaGuanera",1,"Fished","After",0,0,0,0,0,9,0,4,0,0,0
2010,"LaGuanera",2,"Fished","After",30,0,0,28,0,7,0,16,0,7,0
2010,"LaGuanera",3,"Fished","After",2,0,0,0,0,5,0,17,0,8,0
2010,"LaGuanera",4,"Fished","After",1,0,0,0,0,9,8,67,0,18,0
2010,"LaGuanera",5,"Fished","After",14,1,1,6,0,8,1,12,1,9,0
2010,"LaGuanera",6,"Fished","After",3,0,0,0,0,0,0,9,0,6,0
2010,"LaGuanera",7,"Fished","After",0,0,0,0,0,5,0,11,0,5,0
2010,"LaGuanera",8,"Fished","After",0,0,3,0,1,0,0,3,0,3,0
2010,"LaGuanera",9,"Fished","After",0,0,0,0,0,4,0,11,0,1,0
2010,"LaGuanera",10,"Fished","After",0,0,0,0,0,1,0,4,0,3,0
2010,"LaGuanera",11,"Fished","After",0,0,0,0,0,2,0,19,0,2,0
2010,"LaGuanera",12,"Fished","After",0,0,7,0,0,0,0,13,0,8,0
2010,"LaGuanera",13,"Fished","After",3,0,0,0,0,0,0,14,0,10,0
2010,"LaGuanera",14,"Fished","After",0,6,0,0,0,3,2,23,0,16,0
2010,"LaGuanera",15,"Fished","After",20,5,5,3,0,3,14,36,0,25,0
2010,"LaGuanera",16,"Fished","After",7,0,1,0,0,6,0,13,0,7,0
2010,"LaGuanera",17,"Fished","After",2,1,3,1,1,14,8,20,0,11,0
2010,"LaGuanera",18,"Fished","After",0,0,0,2,0,0,0,6,0,7,0
2010,"LaGuanera",19,"Fished","After",0,0,0,0,0,1,0,7,0,8,0
2010,"LaGuanera",20,"Fished","After",1,0,0,3,0,2,30,7,0,1,0
2010,"LaGuanera",21,"Fished","After",0,0,0,0,0,1,0,26,0,8,0
2010,"LaGuanera",22,"Fished","After",22,0,1,0,0,0,0,4,0,2,0
2010,"LaGuanera",23,"Fished","After",2,0,0,0,0,3,0,6,0,5,0
2011,"LaGuanera",1,"Fished","After",0,0,0,0,0,0,2,0,0,1,0
2011,"LaGuanera",2,"Fished","After",0,0,0,0,0,0,5,10,0,5,0
2011,"LaGuanera",3,"Fished","After",0,0,0,0,0,0,0,0,0,0,0
2011,"LaGuanera",4,"Fished","After",0,0,0,0,0,0,0,9,0,1,0
2011,"LaGuanera",5,"Fished","After",0,0,1,0,0,0,0,0,0,6,0
2011,"LaGuanera",6,"Fished","After",0,0,0,0,0,5,0,13,0,8,0
2011,"LaGuanera",7,"Fished","After",0,0,0,0,1,0,2,23,0,2,0
2011,"LaGuanera",8,"Fished","After",0,0,1,2,0,4,0,11,0,6,0
2011,"LaGuanera",9,"Fished","After",0,0,0,0,0,0,0,19,0,9,0
2011,"LaGuanera",10,"Fished","After",0,1,0,0,0,0,0,16,0,12,0
2011,"LaGuanera",11,"Fished","After",0,0,0,0,0,0,0,7,0,2,0
2011,"LaGuanera",12,"Fished","After",0,0,0,0,0,2,0,10,0,3,0
2011,"LaGuanera",13,"Fished","After",0,0,0,0,0,0,0,6,0,4,0
2011,"LaGuanera",14,"Fished","After",0,0,0,0,0,0,0,8,0,5,0
2011,"LaGuanera",15,"Fished","After",0,0,0,0,0,3,0,24,0,16,0
2011,"LaGuanera",16,"Fished","After",0,0,0,0,0,3,4,13,0,11,0
2011,"LaGuanera",17,"Fished","After",0,0,0,0,0,0,0,9,0,13,0
2011,"LaGuanera",18,"Fished","After",0,0,0,0,0,1,0,5,0,4,0
2011,"LaGuanera",19,"Fished","After",0,0,0,0,0,0,0,7,0,10,0
2011,"LaGuanera",20,"Fished","After",0,0,0,1,0,2,0,23,0,10,0
2011,"LaGuanera",21,"Fished","After",0,0,0,0,0,1,0,24,0,19,0
2011,"LaGuanera",22,"Fished","After",0,0,0,0,0,1,0,35,0,5,0
2011,"LaGuanera",23,"Fished","After",0,0,0,0,0,8,0,23,0,4,0
2011,"LaGuanera",24,"Fished","After",0,0,0,0,0,4,0,27,0,12,0
2011,"LaGuanera",25,"Fished","After",0,0,0,0,0,0,0,17,0,4,0
2011,"LaGuanera",26,"Fished","After",0,0,0,0,0,0,0,20,0,1,0
2012,"LaGuanera",1,"Fished","After",0,0,0,0,0,0,0,15,0,12,0
2012,"LaGuanera",2,"Fished","After",0,0,0,0,0,1,0,12,0,12,0
2012,"LaGuanera",3,"Fished","After",8,0,0,0,0,4,0,31,0,7,0
2012,"LaGuanera",4,"Fished","After",3,0,0,0,0,6,0,20,0,14,0
2012,"LaGuanera",5,"Fished","After",0,0,0,5,0,1,0,5,0,6,0
2012,"LaGuanera",6,"Fished","After",1,0,0,0,0,1,0,8,0,9,0
2012,"LaGuanera",7,"Fished","After",0,0,0,0,0,2,0,14,0,9,0
2012,"LaGuanera",8,"Fished","After",0,0,0,0,0,0,0,8,0,21,0
2012,"LaGuanera",9,"Fished","After",0,0,5,0,0,0,16,5,0,6,0
2012,"LaGuanera",10,"Fished","After",0,0,0,0,0,0,2,14,0,4,0
2012,"LaGuanera",11,"Fished","After",0,0,0,0,0,0,0,5,0,1,0
2012,"LaGuanera",12,"Fished","After",1,0,0,0,0,1,0,9,0,14,0
2012,"LaGuanera",13,"Fished","After",0,0,0,1,0,0,0,4,0,13,0
2012,"LaGuanera",14,"Fished","After",4,0,0,0,0,0,0,8,0,16,0
2012,"LaGuanera",15,"Fished","After",0,0,0,0,0,1,0,5,0,16,0
2012,"LaGuanera",16,"Fished","After",1,0,0,0,0,0,0,7,0,21,0
2012,"LaGuanera",17,"Fished","After",1,0,0,0,0,0,0,16,0,8,0
2012,"LaGuanera",18,"Fished","After",0,0,0,0,0,2,4,6,0,7,0
2012,"LaGuanera",19,"Fished","After",0,0,0,0,0,0,0,10,0,5,0
2012,"LaGuanera",20,"Fished","After",0,0,0,0,0,0,0,5,0,5,0
2012,"LaGuanera",21,"Fished","After",2,0,0,0,0,0,1,18,0,15,0
2012,"LaGuanera",22,"Fished","After",0,0,0,0,0,0,0,7,0,0,0
2012,"LaGuanera",23,"Fished","After",0,0,0,0,0,0,0,2,0,5,0
2012,"LaGuanera",24,"Fished","After",0,0,0,0,0,0,10,2,0,8,0
2013,"LaGuanera",1,"Fished","After",1,0,0,3,0,4,0,13,0,5,0
2013,"LaGuanera",2,"Fished","After",4,0,0,2,0,2,0,10,0,8,0
2013,"LaGuanera",3,"Fished","After",50,0,0,0,0,2,0,7,0,8,0
2013,"LaGuanera",4,"Fished","After",0,0,0,9,0,7,15,23,0,26,0
2013,"LaGuanera",5,"Fished","After",2,0,0,0,0,1,7,27,0,26,0
2013,"LaGuanera",6,"Fished","After",0,0,0,0,0,0,0,20,0,4,0
2013,"LaGuanera",7,"Fished","After",1,0,0,0,0,2,1,12,0,8,0
2013,"LaGuanera",8,"Fished","After",0,0,0,0,0,1,0,8,0,12,0
2013,"LaGuanera",9,"Fished","After",0,0,0,0,0,5,0,2,0,17,0
2013,"LaGuanera",10,"Fished","After",0,0,0,6,0,6,0,12,0,7,0
2013,"LaGuanera",11,"Fished","After",0,0,0,0,0,1,0,6,0,12,0
2013,"LaGuanera",12,"Fished","After",0,1,0,0,0,0,0,21,0,12,0
2013,"LaGuanera",13,"Fished","After",3,1,0,7,0,4,0,18,0,5,0
2013,"LaGuanera",14,"Fished","After",2,0,0,0,0,1,0,4,0,4,0
2013,"LaGuanera",15,"Fished","After",0,0,0,0,0,3,0,9,0,3,0
2013,"LaGuanera",16,"Fished","After",0,0,0,0,0,4,0,5,2,15,0
2013,"LaGuanera",17,"Fished","After",16,0,0,0,0,2,22,22,0,15,0
2013,"LaGuanera",18,"Fished","After",1,0,0,0,0,0,0,11,0,6,0
2013,"LaGuanera",19,"Fished","After",7,0,0,15,0,6,0,16,1,13,0
2013,"LaGuanera",20,"Fished","After",1,0,0,0,0,1,0,18,0,6,0
2014,"LaGuanera",1,"Fished","After",3,0,3,0,0,2,0,7,0,4,0
2014,"LaGuanera",2,"Fished","After",0,0,11,0,0,0,0,15,0,9,0
2014,"LaGuanera",3,"Fished","After",0,0,0,0,0,0,28,1,1,2,0
2014,"LaGuanera",4,"Fished","After",0,0,0,0,0,1,0,1,0,3,0
2014,"LaGuanera",5,"Fished","After",0,0,0,0,0,0,0,3,0,6,0
2014,"LaGuanera",6,"Fished","After",0,0,0,5,0,0,0,12,0,32,0
2014,"LaGuanera",7,"Fished","After",0,0,0,0,1,0,0,3,0,2,0
2014,"LaGuanera",8,"Fished","After",0,0,0,0,0,2,0,11,0,14,0
2014,"LaGuanera",9,"Fished","After",4,0,2,0,0,3,0,8,0,4,0
2014,"LaGuanera",10,"Fished","After",0,0,0,0,0,5,0,6,0,6,0
2014,"LaGuanera",11,"Fished","After",0,0,0,0,0,19,0,25,2,4,0
2014,"LaGuanera",12,"Fished","After",0,0,0,0,0,3,0,10,0,7,0
2014,"LaGuanera",13,"Fished","After",0,0,0,0,0,19,1,6,2,4,0
2014,"LaGuanera",14,"Fished","After",0,0,0,4,0,2,0,13,0,9,0
2014,"LaGuanera",15,"Fished","After",2,0,0,0,0,1,0,1,0,5,0
2014,"LaGuanera",16,"Fished","After",0,0,6,0,0,0,0,11,0,6,0
2014,"LaGuanera",17,"Fished","After",0,0,0,0,0,5,0,8,0,3,0
2014,"LaGuanera",18,"Fished","After",0,0,1,0,0,5,0,10,0,6,0
2014,"LaGuanera",19,"Fished","After",0,0,6,0,0,3,1,13,0,6,0
2014,"LaGuanera",20,"Fished","After",0,0,1,0,0,2,0,7,0,9,0
2013,"Reventadora",1,"Fished","After",0,0,0,0,0,0,0,2,0,1,0
2013,"Reventadora",2,"Fished","After",0,0,0,1,0,4,0,3,0,2,0
2013,"Reventadora",3,"Fished","After",0,0,0,0,0,0,0,16,0,5,0
2013,"Reventadora",4,"Fished","After",0,0,0,7,0,4,0,16,0,16,0
2013,"Reventadora",5,"Fished","After",0,0,0,0,0,0,0,2,0,1,0
2013,"Reventadora",6,"Fished","After",0,0,0,0,0,3,0,27,0,5,0
2013,"Reventadora",7,"Fished","After",0,0,0,0,0,1,6,19,0,21,0
2013,"Reventadora",8,"Fished","After",0,0,0,0,0,0,0,41,0,18,0
2013,"Reventadora",9,"Fished","After",0,0,0,2,0,0,0,5,0,3,0
2013,"Reventadora",10,"Fished","After",0,0,0,0,0,0,0,10,0,11,0
2013,"Reventadora",11,"Fished","After",0,0,0,0,0,0,10,7,5,4,0
2013,"Reventadora",12,"Fished","After",0,0,0,0,0,0,7,6,0,0,0
2013,"Reventadora",13,"Fished","After",0,0,0,0,0,0,0,4,0,8,0
2013,"Reventadora",14,"Fished","After",0,0,0,0,0,0,0,5,0,2,0
2013,"Reventadora",15,"Fished","After",0,0,0,0,0,0,0,10,0,7,0
2013,"Reventadora",16,"Fished","After",9,0,0,0,0,1,5,26,0,16,0
2013,"Reventadora",17,"Fished","After",0,0,0,0,0,0,0,7,0,0,0
2013,"Reventadora",18,"Fished","After",0,0,0,0,0,2,0,13,6,13,0
2013,"Reventadora",19,"Fished","After",0,0,0,0,0,3,0,17,0,13,0
2013,"Reventadora",20,"Fished","After",0,0,0,0,0,0,23,11,0,11,1
2006,"LaPlana",1,"Reserve","Before",0,0,0,0,0,4,2,1,0,3,0
2006,"LaPlana",2,"Reserve","Before",1,0,0,2,0,2,0,5,0,1,0
2006,"LaPlana",3,"Reserve","Before",0,1,0,0,0,2,3,3,0,7,0
2006,"LaPlana",4,"Reserve","Before",19,0,0,0,0,6,0,13,0,4,0
2006,"LaPlana",5,"Reserve","Before",0,0,0,0,0,1,2,3,0,3,0
2006,"LaPlana",6,"Reserve","Before",0,0,0,0,1,1,1,3,0,0,0
2006,"LaPlana",7,"Reserve","Before",0,0,0,0,0,6,0,3,0,2,0
2006,"LaPlana",8,"Reserve","Before",0,0,0,15,0,1,8,5,0,0,0
2006,"LaPlana",9,"Reserve","Before",0,0,0,5,0,1,2,3,0,2,0
2006,"LaPlana",10,"Reserve","Before",0,0,0,0,0,4,0,0,0,4,0
2006,"LaPlana",11,"Reserve","Before",0,0,0,0,0,6,0,7,0,17,0
2006,"LaPlana",12,"Reserve","Before",0,0,0,5,0,1,0,5,0,0,0
2006,"LaPlana",13,"Reserve","Before",2,0,0,9,0,5,0,7,0,7,0
2006,"LaPlana",14,"Reserve","Before",0,0,0,0,0,11,1,0,0,1,0
2006,"LaPlana",15,"Reserve","Before",0,0,0,2,0,1,0,2,1,0,0
2006,"LaPlana",16,"Reserve","Before",0,0,0,0,0,0,0,3,0,1,0
2006,"LaPlana",17,"Reserve","Before",0,0,0,0,0,3,0,0,0,11,0
2006,"LaPlana",18,"Reserve","Before",0,0,0,3,0,2,2,0,0,0,0
2006,"LaPlana",19,"Reserve","Before",0,0,0,4,0,0,4,0,0,5,0
2006,"LaPlana",20,"Reserve","Before",0,0,0,0,0,0,0,2,0,1,0
2006,"LaPlana",21,"Reserve","Before",0,0,0,0,0,2,0,1,0,11,0
2006,"LaPlana",22,"Reserve","Before",0,0,0,0,0,0,0,0,0,3,0
2006,"LaPlana",23,"Reserve","Before",0,0,0,0,0,0,3,1,1,1,0
2006,"LaPlana",24,"Reserve","Before",0,0,0,1,2,2,3,0,0,5,0
2006,"LaPlana",25,"Reserve","Before",0,0,0,0,0,1,13,0,0,3,0
2006,"LaPlana",26,"Reserve","Before",0,0,0,0,0,2,4,1,0,4,0
2006,"LaPlana",27,"Reserve","Before",0,0,0,0,0,4,4,0,0,6,0
2006,"LaPlana",28,"Reserve","Before",0,5,0,0,0,1,1,8,0,1,0
2006,"LaPlana",29,"Reserve","Before",0,0,0,3,0,0,0,4,0,3,0
2006,"LaPlana",30,"Reserve","Before",0,0,0,0,0,6,0,1,0,1,0
2006,"LaPlana",31,"Reserve","Before",0,0,0,0,0,2,2,0,0,1,0
2007,"LaPlana",1,"Reserve","Before",0,1,0,0,0,0,0,7,0,13,0
2007,"LaPlana",2,"Reserve","Before",2,0,0,0,0,5,1,8,0,6,0
2007,"LaPlana",3,"Reserve","Before",0,0,0,0,0,0,0,5,0,14,0
2007,"LaPlana",4,"Reserve","Before",1,0,0,0,0,0,0,10,0,7,0
2007,"LaPlana",5,"Reserve","Before",0,0,0,0,0,0,0,11,0,8,0
2007,"LaPlana",6,"Reserve","Before",0,0,0,0,0,5,0,8,0,2,0
2007,"LaPlana",7,"Reserve","Before",0,0,0,0,0,0,0,0,0,1,0
2007,"LaPlana",8,"Reserve","Before",0,0,0,0,0,0,0,10,0,5,0
2007,"LaPlana",9,"Reserve","Before",0,0,0,1,0,2,0,1,0,4,0
2007,"LaPlana",10,"Reserve","Before",0,0,0,6,0,2,2,7,0,5,0
2007,"LaPlana",11,"Reserve","Before",0,0,0,0,0,0,0,2,0,4,0
2007,"LaPlana",12,"Reserve","Before",0,0,0,0,0,1,0,0,0,4,0
2007,"LaPlana",13,"Reserve","Before",0,0,0,0,0,2,0,8,0,8,0
2007,"LaPlana",14,"Reserve","Before",0,0,0,1,0,1,2,7,0,3,0
2007,"LaPlana",15,"Reserve","Before",0,0,0,0,0,2,0,3,0,3,0
2007,"LaPlana",16,"Reserve","Before",0,0,0,0,0,3,0,4,0,5,0
2007,"LaPlana",17,"Reserve","Before",0,0,0,0,1,0,1,8,0,1,0
2007,"LaPlana",18,"Reserve","Before",0,0,0,0,0,0,0,5,0,2,0
2007,"LaPlana",19,"Reserve","Before",0,0,0,2,0,2,0,8,0,8,0
2008,"LaPlana",1,"Reserve","Before",0,0,0,0,0,2,0,3,0,3,0
2008,"LaPlana",2,"Reserve","Before",0,0,0,0,3,0,0,0,0,5,0
2008,"LaPlana",3,"Reserve","Before",0,0,0,0,0,1,2,6,0,4,0
2008,"LaPlana",4,"Reserve","Before",0,0,0,0,0,2,3,2,0,3,0
2008,"LaPlana",5,"Reserve","Before",0,0,0,0,0,4,0,2,0,8,0
2008,"LaPlana",6,"Reserve","Before",0,0,0,0,0,2,0,0,0,4,0
2008,"LaPlana",7,"Reserve","Before",0,0,0,0,0,0,0,2,0,2,0
2008,"LaPlana",8,"Reserve","Before",0,0,0,0,0,2,0,1,0,0,0
2008,"LaPlana",9,"Reserve","Before",0,0,1,6,0,8,0,13,0,17,0
2008,"LaPlana",10,"Reserve","Before",0,0,0,0,0,1,16,9,0,6,0
2008,"LaPlana",11,"Reserve","Before",0,0,0,0,1,0,4,0,0,2,0
2008,"LaPlana",12,"Reserve","Before",0,0,2,2,0,4,2,8,0,8,0
2008,"LaPlana",13,"Reserve","Before",0,0,0,0,0,0,0,0,0,0,0
2008,"LaPlana",14,"Reserve","Before",0,0,0,0,0,0,0,2,0,1,0
2008,"LaPlana",15,"Reserve","Before",0,0,2,3,0,1,2,5,0,2,0
2008,"LaPlana",16,"Reserve","Before",0,0,1,0,1,0,7,6,0,1,0
2008,"LaPlana",17,"Reserve","Before",0,0,1,0,1,1,5,9,0,1,0
2008,"LaPlana",18,"Reserve","Before",24,0,0,0,0,3,6,22,0,7,0
2008,"LaPlana",19,"Reserve","Before",1,0,0,0,0,0,0,8,0,1,0
2009,"LaPlana",1,"Reserve","After",0,0,0,0,0,0,0,2,0,4,0
2009,"LaPlana",2,"Reserve","After",0,0,0,0,0,0,0,7,0,0,0
2009,"LaPlana",3,"Reserve","After",0,0,0,0,0,0,7,8,5,29,0
2009,"LaPlana",4,"Reserve","After",3,0,4,2,1,0,6,11,0,3,0
2009,"LaPlana",5,"Reserve","After",0,0,0,0,0,0,0,4,0,0,0
2009,"LaPlana",6,"Reserve","After",0,0,0,0,0,3,0,4,0,14,0
2009,"LaPlana",7,"Reserve","After",0,0,0,0,0,0,0,7,0,4,0
2009,"LaPlana",8,"Reserve","After",0,0,0,0,0,0,0,3,0,2,0
2009,"LaPlana",9,"Reserve","After",0,0,0,0,0,10,0,9,0,21,0
2009,"LaPlana",10,"Reserve","After",0,0,0,0,0,0,0,14,4,15,0
2009,"LaPlana",11,"Reserve","After",0,0,0,0,0,0,1,25,0,13,0
2009,"LaPlana",12,"Reserve","After",0,0,0,0,1,3,1,6,0,10,0
2009,"LaPlana",13,"Reserve","After",0,0,0,0,0,0,0,0,1,1,0
2009,"LaPlana",14,"Reserve","After",0,0,0,0,0,0,0,1,0,6,0
2009,"LaPlana",15,"Reserve","After",0,0,0,0,0,1,0,6,0,11,0
2009,"LaPlana",16,"Reserve","After",0,0,0,0,0,3,0,1,0,7,0
2009,"LaPlana",17,"Reserve","After",0,0,1,0,0,5,0,1,0,1,0
2009,"LaPlana",18,"Reserve","After",0,0,4,6,0,12,3,3,0,5,0
2009,"LaPlana",19,"Reserve","After",0,0,0,0,0,0,0,0,0,4,0
2009,"LaPlana",20,"Reserve","After",0,0,0,20,0,4,0,11,0,9,0
2009,"LaPlana",21,"Reserve","After",0,0,10,0,0,0,0,3,0,9,0
2009,"LaPlana",22,"Reserve","After",0,0,0,1,0,0,0,13,0,3,0
2009,"LaPlana",23,"Reserve","After",1,0,0,0,0,0,0,7,0,8,0
2009,"LaPlana",24,"Reserve","After",0,0,0,0,0,0,5,14,0,4,0
2009,"LaPlana",25,"Reserve","After",0,0,0,0,0,5,6,6,0,7,0
2009,"LaPlana",26,"Reserve","After",0,0,0,0,1,6,0,2,0,1,0
2010,"LaPlana",1,"Reserve","After",0,0,0,0,4,2,0,1,0,1,0
2010,"LaPlana",2,"Reserve","After",0,0,0,0,1,4,0,1,0,5,0
2010,"LaPlana",3,"Reserve","After",0,0,6,1,0,2,0,24,0,10,0
2010,"LaPlana",4,"Reserve","After",0,0,0,0,1,1,17,38,0,14,0
2010,"LaPlana",5,"Reserve","After",0,0,1,2,1,11,1,25,0,21,0
2010,"LaPlana",6,"Reserve","After",0,0,0,0,1,7,0,6,0,10,0
2010,"LaPlana",7,"Reserve","After",0,0,0,0,0,14,0,6,0,7,0
2010,"LaPlana",8,"Reserve","After",0,0,0,0,1,14,5,0,0,4,0
2010,"LaPlana",9,"Reserve","After",0,0,0,0,0,1,0,2,0,3,0
2010,"LaPlana",10,"Reserve","After",0,0,0,0,0,1,0,11,0,5,0
2010,"LaPlana",11,"Reserve","After",0,0,0,0,0,2,0,4,0,1,0
2010,"LaPlana",12,"Reserve","After",0,0,0,0,0,2,0,1,2,5,0
2010,"LaPlana",13,"Reserve","After",0,0,0,0,0,0,0,1,0,3,0
2010,"LaPlana",14,"Reserve","After",0,3,0,0,0,0,0,5,3,7,0
2010,"LaPlana",15,"Reserve","After",0,0,0,0,0,1,0,2,1,2,0
2010,"LaPlana",16,"Reserve","After",0,3,0,0,0,1,3,37,0,14,0
2010,"LaPlana",17,"Reserve","After",0,0,0,2,0,0,2,13,0,8,0
2010,"LaPlana",18,"Reserve","After",10,1,0,2,2,0,2,23,0,12,0
2010,"LaPlana",19,"Reserve","After",3,0,2,4,0,6,3,25,0,11,0
2010,"LaPlana",20,"Reserve","After",0,0,0,4,0,4,0,8,0,8,0
2010,"LaPlana",21,"Reserve","After",0,0,0,2,0,0,0,3,0,4,0
2010,"LaPlana",22,"Reserve","After",0,0,0,4,0,2,0,2,0,3,0
2010,"LaPlana",23,"Reserve","After",0,0,1,0,0,1,0,12,0,8,0
2010,"LaPlana",24,"Reserve","After",2,0,3,1,0,2,0,6,0,10,0
2010,"LaPlana",25,"Reserve","After",0,0,4,0,0,1,0,6,0,1,0
2011,"LaPlana",1,"Reserve","After",0,0,0,2,5,10,0,5,0,6,0
2011,"LaPlana",2,"Reserve","After",0,0,1,0,0,1,0,7,0,1,0
2011,"LaPlana",3,"Reserve","After",0,0,5,2,0,8,9,10,0,7,0
2011,"LaPlana",4,"Reserve","After",0,0,1,0,0,2,3,12,0,5,0
2011,"LaPlana",5,"Reserve","After",0,0,0,0,1,0,0,2,0,3,0
2011,"LaPlana",6,"Reserve","After",0,0,0,0,0,0,30,1,0,1,0
2011,"LaPlana",7,"Reserve","After",0,0,3,7,0,8,2,9,0,15,0
2011,"LaPlana",8,"Reserve","After",0,0,0,0,0,0,2,0,0,0,0
2011,"LaPlana",9,"Reserve","After",0,0,0,0,0,0,0,16,0,7,0
2011,"LaPlana",10,"Reserve","After",0,2,0,0,0,0,0,5,0,2,0
2011,"LaPlana",11,"Reserve","After",0,0,0,0,0,0,0,13,0,6,0
2011,"LaPlana",12,"Reserve","After",0,0,0,0,0,0,0,16,0,5,0
2011,"LaPlana",13,"Reserve","After",0,0,0,0,0,0,0,8,0,3,0
2011,"LaPlana",14,"Reserve","After",0,0,0,0,0,0,0,0,0,1,0
2011,"LaPlana",15,"Reserve","After",0,0,0,0,0,0,0,4,0,6,0
2011,"LaPlana",16,"Reserve","After",0,0,0,0,0,2,0,0,0,10,0
2011,"LaPlana",17,"Reserve","After",0,0,0,0,0,0,0,7,0,1,0
2011,"LaPlana",18,"Reserve","After",0,0,0,0,0,0,0,3,0,1,0
2011,"LaPlana",19,"Reserve","After",0,0,1,0,0,0,0,9,0,12,0
2011,"LaPlana",20,"Reserve","After",0,0,4,0,0,0,0,4,0,0,0
2011,"LaPlana",21,"Reserve","After",0,0,0,0,0,0,0,8,0,5,0
2011,"LaPlana",22,"Reserve","After",0,0,0,0,0,0,0,3,0,0,0
2011,"LaPlana",23,"Reserve","After",0,0,0,2,0,1,7,3,0,6,0
2011,"LaPlana",24,"Reserve","After",0,0,3,2,0,0,8,4,0,5,0
2011,"LaPlana",25,"Reserve","After",0,0,0,0,0,0,0,0,0,0,0
2012,"LaPlana",1,"Reserve","After",0,0,0,0,0,0,0,17,0,4,0
2012,"LaPlana",2,"Reserve","After",0,0,0,0,0,0,3,25,0,14,0
2012,"LaPlana",3,"Reserve","After",0,0,2,0,0,8,2,6,0,12,0
2012,"LaPlana",4,"Reserve","After",0,0,0,0,0,1,0,12,0,6,0
2012,"LaPlana",5,"Reserve","After",0,0,0,0,0,0,0,10,1,15,0
2012,"LaPlana",6,"Reserve","After",0,0,0,2,0,6,0,7,0,7,0
2012,"LaPlana",7,"Reserve","After",0,0,0,0,0,8,0,11,0,15,0
2012,"LaPlana",8,"Reserve","After",0,0,4,0,0,8,0,9,0,7,0
2012,"LaPlana",9,"Reserve","After",0,0,2,0,0,1,0,7,0,6,0
2012,"LaPlana",10,"Reserve","After",0,0,0,0,0,0,0,4,0,1,0
2012,"LaPlana",11,"Reserve","After",0,0,0,2,0,3,0,4,0,4,0
2012,"LaPlana",12,"Reserve","After",0,0,0,1,0,0,0,14,0,2,0
2012,"LaPlana",13,"Reserve","After",0,0,2,0,0,0,0,19,0,12,0
2012,"LaPlana",14,"Reserve","After",0,0,2,0,0,5,3,7,0,20,0
2012,"LaPlana",15,"Reserve","After",0,0,0,0,0,6,2,16,0,16,0
2012,"LaPlana",16,"Reserve","After",0,0,5,0,1,2,1,7,0,14,0
2012,"LaPlana",17,"Reserve","After",0,0,0,0,0,6,0,0,0,15,0
2012,"LaPlana",18,"Reserve","After",0,0,0,0,0,1,11,4,0,14,0
2012,"LaPlana",19,"Reserve","After",0,0,0,0,0,2,4,24,0,6,0
2012,"LaPlana",20,"Reserve","After",0,0,0,0,0,2,0,5,0,3,0
2012,"LaPlana",21,"Reserve","After",0,0,4,1,0,4,0,7,0,8,0
2012,"LaPlana",22,"Reserve","After",0,0,2,0,0,3,0,2,0,18,0
2012,"LaPlana",23,"Reserve","After",0,0,0,0,0,9,0,9,0,10,0
2012,"LaPlana",24,"Reserve","After",0,0,0,0,0,4,0,8,0,15,0
2013,"LaPlana",1,"Reserve","After",0,0,0,0,0,5,0,12,0,18,0
2013,"LaPlana",2,"Reserve","After",0,0,0,0,0,5,0,4,0,4,0
2013,"LaPlana",3,"Reserve","After",0,0,0,6,0,3,16,17,0,22,0
2013,"LaPlana",4,"Reserve","After",0,0,0,0,1,8,0,6,0,6,0
2013,"LaPlana",5,"Reserve","After",0,0,0,0,0,0,1,9,0,8,0
2013,"LaPlana",6,"Reserve","After",0,0,0,0,0,0,0,4,0,20,0
2013,"LaPlana",7,"Reserve","After",0,0,0,0,0,0,34,21,0,9,0
2013,"LaPlana",8,"Reserve","After",0,0,6,0,0,4,0,11,0,11,0
2013,"LaPlana",9,"Reserve","After",0,0,0,0,0,0,0,3,0,2,0
2013,"LaPlana",10,"Reserve","After",0,0,0,0,0,0,0,5,0,3,0
2013,"LaPlana",11,"Reserve","After",0,0,0,0,0,1,0,4,0,2,0
2013,"LaPlana",12,"Reserve","After",0,0,0,0,0,0,0,12,2,7,0
2013,"LaPlana",13,"Reserve","After",0,0,0,0,0,0,5,1,0,2,0
2013,"LaPlana",14,"Reserve","After",0,0,0,0,0,2,13,12,0,9,0
2013,"LaPlana",15,"Reserve","After",0,0,0,0,0,2,0,3,0,1,0
2013,"LaPlana",16,"Reserve","After",0,0,0,0,0,0,0,1,0,1,0
2013,"LaPlana",17,"Reserve","After",0,0,0,0,0,2,0,31,0,9,0
2013,"LaPlana",18,"Reserve","After",0,0,0,0,0,0,9,7,0,2,0
2013,"LaPlana",19,"Reserve","After",0,0,0,0,0,0,0,1,0,1,0
2013,"LaPlana",20,"Reserve","After",0,0,0,0,0,1,0,0,0,2,0
2014,"LaPlana",1,"Reserve","After",0,1,0,0,0,1,0,11,0,3,0
2014,"LaPlana",2,"Reserve","After",0,0,0,0,0,2,0,9,1,8,0
2014,"LaPlana",3,"Reserve","After",0,0,0,0,0,0,8,20,0,3,0
2014,"LaPlana",4,"Reserve","After",0,0,0,0,0,0,0,4,0,7,0
2014,"LaPlana",5,"Reserve","After",0,0,0,0,0,0,0,3,0,1,0
2014,"LaPlana",6,"Reserve","After",0,0,0,0,0,4,0,15,5,8,0
2014,"LaPlana",7,"Reserve","After",0,0,0,0,0,0,0,6,1,0,0
2014,"LaPlana",8,"Reserve","After",0,0,0,1,1,6,0,34,0,27,0
2014,"LaPlana",9,"Reserve","After",0,0,0,0,0,6,0,3,0,5,0
2014,"LaPlana",10,"Reserve","After",0,0,14,0,0,0,0,4,0,3,0
2014,"LaPlana",11,"Reserve","After",1,0,0,0,0,5,16,3,0,15,0
2014,"LaPlana",12,"Reserve","After",10,0,0,0,0,7,0,3,0,2,0
2014,"LaPlana",13,"Reserve","After",0,0,3,0,0,5,0,4,0,9,0
2014,"LaPlana",14,"Reserve","After",0,0,0,0,0,18,0,24,0,12,0
2014,"LaPlana",15,"Reserve","After",0,0,0,0,0,2,0,8,0,4,0
2014,"LaPlana",16,"Reserve","After",0,0,6,6,0,4,0,6,2,2,0
2014,"LaPlana",17,"Reserve","After",0,0,0,0,0,0,0,1,0,1,0
2014,"LaPlana",18,"Reserve","After",0,0,0,0,0,1,2,5,0,17,0
2014,"LaPlana",19,"Reserve","After",0,0,27,0,0,1,0,3,0,1,0
2014,"LaPlana",20,"Reserve","After",0,0,0,0,0,0,1,2,0,4,0
2006,"PuntaPrieta",1,"Reserve","Before",0,0,0,22,0,0,0,2,0,8,1
2006,"PuntaPrieta",2,"Reserve","Before",3,0,0,20,0,3,6,1,0,6,0
2006,"PuntaPrieta",3,"Reserve","Before",2,1,0,0,0,1,10,0,0,9,0
2006,"PuntaPrieta",4,"Reserve","Before",1,0,0,25,0,3,3,0,0,5,0
2006,"PuntaPrieta",5,"Reserve","Before",0,0,0,0,0,0,16,1,0,5,0
2006,"PuntaPrieta",6,"Reserve","Before",0,0,0,8,0,9,4,2,0,7,0
2006,"PuntaPrieta",7,"Reserve","Before",0,0,0,0,0,0,6,2,0,4,0
2006,"PuntaPrieta",8,"Reserve","Before",0,0,0,1,0,7,0,4,0,7,0
2006,"PuntaPrieta",9,"Reserve","Before",0,0,0,0,0,0,0,0,0,4,0
2006,"PuntaPrieta",10,"Reserve","Before",0,0,0,5,0,4,0,7,0,4,0
2006,"PuntaPrieta",11,"Reserve","Before",0,0,0,0,0,0,26,1,0,2,0
2006,"PuntaPrieta",12,"Reserve","Before",0,0,0,1,0,3,0,5,0,0,0
2007,"PuntaPrieta",1,"Reserve","Before",0,1,0,0,0,2,0,4,0,8,0
2007,"PuntaPrieta",2,"Reserve","Before",0,0,0,2,0,0,0,6,0,2,0
2007,"PuntaPrieta",3,"Reserve","Before",0,0,0,3,0,1,0,2,0,2,0
2007,"PuntaPrieta",4,"Reserve","Before",0,0,0,0,0,0,0,2,0,3,0
2007,"PuntaPrieta",5,"Reserve","Before",1,0,0,0,0,0,0,4,0,4,0
2007,"PuntaPrieta",6,"Reserve","Before",0,0,0,2,0,4,0,5,0,2,0
2007,"PuntaPrieta",7,"Reserve","Before",0,1,0,0,0,0,0,10,0,12,0
2007,"PuntaPrieta",8,"Reserve","Before",0,0,0,30,0,1,0,8,0,7,0
2007,"PuntaPrieta",9,"Reserve","Before",0,0,1,2,0,3,20,4,0,8,0
2007,"PuntaPrieta",10,"Reserve","Before",0,0,0,2,0,5,0,13,0,7,0
2007,"PuntaPrieta",11,"Reserve","Before",0,0,0,0,0,2,0,5,0,6,0
2007,"PuntaPrieta",12,"Reserve","Before",0,0,0,2,0,4,0,12,0,5,0
2007,"PuntaPrieta",13,"Reserve","Before",0,0,1,0,0,2,0,8,0,15,0
2007,"PuntaPrieta",14,"Reserve","Before",0,0,0,0,0,4,1,3,0,6,0
2007,"PuntaPrieta",15,"Reserve","Before",0,0,0,0,0,1,0,0,0,4,0
2007,"PuntaPrieta",16,"Reserve","Before",0,0,0,0,0,2,0,11,0,19,0
2007,"PuntaPrieta",18,"Reserve","Before",7,0,0,8,0,6,0,12,0,7,0
2007,"PuntaPrieta",19,"Reserve","Before",0,2,0,0,0,0,0,13,0,2,0
2007,"PuntaPrieta",20,"Reserve","Before",0,0,0,0,0,0,0,3,0,2,0
2008,"PuntaPrieta",1,"Reserve","Before",0,0,0,0,0,0,0,3,0,3,0
2008,"PuntaPrieta",2,"Reserve","Before",0,0,4,0,0,1,0,2,0,0,0
2008,"PuntaPrieta",3,"Reserve","Before",0,0,0,2,0,0,0,5,0,10,0
2008,"PuntaPrieta",4,"Reserve","Before",0,0,0,7,0,0,0,5,0,0,0
2008,"PuntaPrieta",5,"Reserve","Before",0,0,0,0,0,0,0,1,0,3,0
2008,"PuntaPrieta",6,"Reserve","Before",0,0,7,2,1,1,6,9,0,3,0
2008,"PuntaPrieta",7,"Reserve","Before",0,1,0,0,0,3,4,6,0,10,0
2008,"PuntaPrieta",8,"Reserve","Before",0,0,0,0,0,0,2,14,0,15,0
2008,"PuntaPrieta",9,"Reserve","Before",0,3,9,15,1,5,3,12,0,9,0
2008,"PuntaPrieta",10,"Reserve","Before",3,0,0,2,0,8,6,13,0,11,0
2008,"PuntaPrieta",11,"Reserve","Before",0,0,0,0,1,0,0,2,0,6,0
2008,"PuntaPrieta",12,"Reserve","Before",0,0,2,0,1,1,0,1,0,1,0
2008,"PuntaPrieta",13,"Reserve","Before",0,0,3,0,0,1,5,14,0,5,0
2008,"PuntaPrieta",14,"Reserve","Before",0,0,0,0,0,0,0,6,0,3,0
2008,"PuntaPrieta",15,"Reserve","Before",0,0,2,1,0,0,3,25,0,7,0
2008,"PuntaPrieta",16,"Reserve","Before",0,1,0,3,0,0,0,16,0,7,0
2008,"PuntaPrieta",17,"Reserve","Before",0,0,1,0,0,3,0,3,0,4,0
2008,"PuntaPrieta",18,"Reserve","Before",0,0,1,0,0,24,0,4,0,6,0
2008,"PuntaPrieta",19,"Reserve","Before",0,0,4,1,0,4,3,2,0,7,0
2008,"PuntaPrieta",20,"Reserve","Before",0,0,7,0,0,5,7,28,0,17,0
2008,"PuntaPrieta",21,"Reserve","Before",0,0,36,0,0,0,0,4,0,4,0
2008,"PuntaPrieta",22,"Reserve","Before",0,0,2,0,0,2,0,3,0,3,0
2009,"PuntaPrieta",1,"Reserve","After",0,0,0,0,0,0,0,0,0,10,0
2009,"PuntaPrieta",2,"Reserve","After",0,0,0,0,0,1,0,5,0,4,0
2009,"PuntaPrieta",3,"Reserve","After",0,0,0,0,0,0,8,9,1,14,0
2009,"PuntaPrieta",4,"Reserve","After",0,0,0,0,0,4,17,6,0,5,0
2009,"PuntaPrieta",5,"Reserve","After",0,1,0,0,0,2,0,2,0,3,0
2009,"PuntaPrieta",6,"Reserve","After",0,1,0,0,0,2,0,2,0,6,0
2009,"PuntaPrieta",7,"Reserve","After",2,0,0,0,0,6,0,2,1,22,0
2009,"PuntaPrieta",8,"Reserve","After",0,0,3,0,0,5,0,9,0,4,0
2009,"PuntaPrieta",9,"Reserve","After",0,0,0,0,0,0,0,0,0,8,0
2009,"PuntaPrieta",10,"Reserve","After",11,0,0,70,0,7,3,5,0,2,0
2009,"PuntaPrieta",11,"Reserve","After",0,0,0,0,0,0,0,2,0,6,0
2009,"PuntaPrieta",12,"Reserve","After",0,0,0,0,0,2,0,5,0,9,0
2009,"PuntaPrieta",13,"Reserve","After",0,0,0,0,0,0,0,3,0,0,0
2009,"PuntaPrieta",14,"Reserve","After",0,0,0,0,0,2,0,2,0,5,0
2009,"PuntaPrieta",15,"Reserve","After",0,0,5,0,0,0,2,2,12,4,0
2009,"PuntaPrieta",16,"Reserve","After",0,0,0,0,0,4,0,12,0,12,0
2009,"PuntaPrieta",17,"Reserve","After",0,0,0,4,0,3,6,4,0,10,0
2009,"PuntaPrieta",18,"Reserve","After",0,0,0,0,0,1,0,2,0,5,0
2009,"PuntaPrieta",19,"Reserve","After",0,0,10,0,0,3,0,7,0,12,0
2009,"PuntaPrieta",20,"Reserve","After",0,0,0,0,0,6,0,9,0,5,0
2009,"PuntaPrieta",21,"Reserve","After",0,0,0,0,0,0,0,1,0,1,0
2009,"PuntaPrieta",22,"Reserve","After",0,0,0,0,0,0,0,3,0,1,0
2009,"PuntaPrieta",23,"Reserve","After",0,0,0,0,0,0,0,1,0,4,0
2009,"PuntaPrieta",24,"Reserve","After",0,0,0,1,0,3,0,3,0,6,0
2010,"PuntaPrieta",1,"Reserve","After",0,5,1,0,0,0,0,1,0,0,0
2010,"PuntaPrieta",2,"Reserve","After",0,0,2,0,0,1,0,2,0,7,0
2010,"PuntaPrieta",3,"Reserve","After",0,0,1,0,0,5,0,4,0,4,0
2010,"PuntaPrieta",4,"Reserve","After",0,0,0,0,0,0,0,4,0,2,0
2010,"PuntaPrieta",5,"Reserve","After",0,0,0,0,0,0,0,11,0,12,0
2010,"PuntaPrieta",6,"Reserve","After",0,0,0,0,0,3,0,11,0,5,0
2010,"PuntaPrieta",7,"Reserve","After",0,1,2,3,0,2,10,12,0,14,0
2010,"PuntaPrieta",8,"Reserve","After",0,0,0,0,0,1,14,7,0,14,0
2010,"PuntaPrieta",9,"Reserve","After",16,0,0,2,0,3,12,28,0,10,0
2010,"PuntaPrieta",10,"Reserve","After",0,9,0,0,1,10,5,10,3,29,0
2010,"PuntaPrieta",11,"Reserve","After",1,0,0,0,0,8,8,8,0,19,0
2010,"PuntaPrieta",12,"Reserve","After",18,0,4,1,0,8,2,24,0,20,0
2010,"PuntaPrieta",13,"Reserve","After",0,0,0,3,0,0,0,7,0,2,0
2010,"PuntaPrieta",14,"Reserve","After",0,0,0,0,0,0,0,31,0,9,0
2010,"PuntaPrieta",15,"Reserve","After",0,0,0,0,0,0,2,2,0,2,0
2010,"PuntaPrieta",16,"Reserve","After",0,0,0,0,0,1,0,8,0,8,0
2010,"PuntaPrieta",17,"Reserve","After",0,0,0,0,0,0,2,4,0,0,0
2010,"PuntaPrieta",18,"Reserve","After",0,0,0,0,0,0,35,20,0,5,0
2010,"PuntaPrieta",19,"Reserve","After",0,0,3,0,0,0,0,3,0,6,0
2010,"PuntaPrieta",20,"Reserve","After",0,0,0,0,0,2,0,1,0,5,0
2010,"PuntaPrieta",21,"Reserve","After",2,0,0,1,0,2,2,8,0,16,0
2010,"PuntaPrieta",22,"Reserve","After",1,0,0,4,0,7,0,2,0,22,0
2010,"PuntaPrieta",23,"Reserve","After",3,0,0,0,0,4,1,8,0,10,0
2010,"PuntaPrieta",24,"Reserve","After",0,0,1,0,0,0,0,3,0,6,0
2011,"PuntaPrieta",1,"Reserve","After",0,0,0,0,0,0,0,6,0,8,0
2011,"PuntaPrieta",2,"Reserve","After",0,0,0,0,0,0,0,4,0,2,0
2011,"PuntaPrieta",3,"Reserve","After",0,0,0,8,0,7,0,27,0,23,0
2011,"PuntaPrieta",4,"Reserve","After",0,0,0,0,0,0,5,4,0,7,0
2011,"PuntaPrieta",5,"Reserve","After",0,0,0,0,0,0,5,2,0,1,0
2011,"PuntaPrieta",6,"Reserve","After",0,0,0,0,0,0,0,0,0,2,0
2011,"PuntaPrieta",7,"Reserve","After",0,0,0,0,0,0,0,11,0,9,0
2011,"PuntaPrieta",8,"Reserve","After",0,0,0,30,0,0,7,31,0,7,0
2011,"PuntaPrieta",9,"Reserve","After",0,3,0,15,0,0,0,43,0,27,0
2011,"PuntaPrieta",10,"Reserve","After",0,0,0,0,0,0,3,6,0,2,0
2011,"PuntaPrieta",11,"Reserve","After",1,0,0,0,0,1,2,7,0,1,0
2011,"PuntaPrieta",12,"Reserve","After",0,8,0,0,0,1,3,2,0,9,0
2011,"PuntaPrieta",13,"Reserve","After",0,1,0,0,0,4,0,12,0,3,0
2011,"PuntaPrieta",14,"Reserve","After",1,0,4,1,0,6,0,10,0,9,0
2011,"PuntaPrieta",15,"Reserve","After",0,0,0,0,0,0,0,2,0,9,0
2011,"PuntaPrieta",16,"Reserve","After",0,5,0,0,0,2,0,18,0,21,0
2011,"PuntaPrieta",17,"Reserve","After",0,0,0,0,0,0,0,8,0,4,0
2011,"PuntaPrieta",18,"Reserve","After",0,0,0,4,0,0,4,3,0,5,0
2011,"PuntaPrieta",19,"Reserve","After",0,2,0,0,0,0,0,2,0,0,0
2011,"PuntaPrieta",20,"Reserve","After",0,0,0,0,0,0,0,0,0,2,0
2011,"PuntaPrieta",21,"Reserve","After",0,0,0,0,0,0,0,0,0,1,0
2011,"PuntaPrieta",22,"Reserve","After",0,5,0,0,0,0,0,7,0,11,0
2011,"PuntaPrieta",23,"Reserve","After",0,0,0,0,0,3,0,4,0,5,0
2011,"PuntaPrieta",24,"Reserve","After",0,0,0,0,0,0,0,2,0,5,0
2011,"PuntaPrieta",25,"Reserve","After",0,0,2,2,0,2,0,5,0,5,0
2012,"PuntaPrieta",1,"Reserve","After",0,0,0,0,0,0,0,48,0,5,0
2012,"PuntaPrieta",2,"Reserve","After",0,0,0,0,0,0,0,36,0,21,0
2012,"PuntaPrieta",3,"Reserve","After",0,0,2,4,0,6,3,27,0,10,0
2012,"PuntaPrieta",4,"Reserve","After",0,0,0,0,0,5,1,7,0,6,0
2012,"PuntaPrieta",5,"Reserve","After",3,0,5,2,1,12,1,39,0,10,0
2012,"PuntaPrieta",6,"Reserve","After",2,0,0,0,0,2,2,42,0,15,0
2012,"PuntaPrieta",7,"Reserve","After",0,0,0,0,0,2,2,9,0,2,0
2012,"PuntaPrieta",8,"Reserve","After",0,0,0,2,0,7,1,14,0,3,0
2012,"PuntaPrieta",9,"Reserve","After",0,0,2,0,0,1,0,18,0,4,0
2012,"PuntaPrieta",10,"Reserve","After",0,0,2,0,0,1,12,14,0,6,0
2012,"PuntaPrieta",11,"Reserve","After",2,0,5,0,0,5,3,11,0,9,0
2012,"PuntaPrieta",12,"Reserve","After",0,0,1,2,1,2,0,11,0,11,0
2012,"PuntaPrieta",13,"Reserve","After",0,0,0,1,0,1,0,13,0,16,0
2012,"PuntaPrieta",14,"Reserve","After",0,0,2,0,0,0,2,0,0,9,0
2012,"PuntaPrieta",15,"Reserve","After",0,0,3,0,1,1,6,7,0,1,0
2012,"PuntaPrieta",16,"Reserve","After",4,0,0,0,0,5,17,9,0,7,0
2012,"PuntaPrieta",17,"Reserve","After",0,3,0,0,0,3,7,16,0,20,0
2012,"PuntaPrieta",18,"Reserve","After",0,1,0,0,0,4,0,7,0,19,0
2012,"PuntaPrieta",19,"Reserve","After",0,1,0,0,0,0,0,6,0,0,0
2012,"PuntaPrieta",20,"Reserve","After",0,0,0,0,0,0,0,0,0,0,0
2012,"PuntaPrieta",21,"Reserve","After",2,9,0,0,0,0,2,40,0,11,0
2012,"PuntaPrieta",22,"Reserve","After",2,1,0,2,0,2,3,20,0,15,0
2012,"PuntaPrieta",23,"Reserve","After",0,1,0,0,0,0,0,25,0,33,0
2012,"PuntaPrieta",24,"Reserve","After",0,0,0,0,0,0,0,5,0,9,0
2014,"PuntaPrieta",1,"Reserve","After",0,0,0,0,0,1,0,3,0,5,0
2014,"PuntaPrieta",2,"Reserve","After",0,0,0,0,0,0,0,33,0,1,0
2014,"PuntaPrieta",3,"Reserve","After",0,2,0,20,0,6,2,21,0,16,0
2014,"PuntaPrieta",4,"Reserve","After",0,0,0,0,0,1,0,15,0,2,0
2014,"PuntaPrieta",5,"Reserve","After",0,0,0,0,0,0,0,8,0,1,0
2014,"PuntaPrieta",6,"Reserve","After",0,0,0,0,0,0,0,3,0,0,0
2014,"PuntaPrieta",7,"Reserve","After",0,0,0,0,0,0,3,2,0,0,0
2014,"PuntaPrieta",8,"Reserve","After",0,0,0,0,0,7,0,11,0,15,0
2014,"PuntaPrieta",9,"Reserve","After",0,0,1,0,0,1,0,5,0,7,0
2014,"PuntaPrieta",10,"Reserve","After",5,0,0,11,0,6,0,26,0,4,0
2014,"PuntaPrieta",11,"Reserve","After",0,0,0,40,1,3,0,57,0,13,0
2014,"PuntaPrieta",12,"Reserve","After",0,0,0,0,0,0,0,17,0,5,0
2014,"PuntaPrieta",13,"Reserve","After",0,0,0,15,0,0,0,26,0,2,0
2014,"PuntaPrieta",14,"Reserve","After",0,0,1,0,0,3,0,42,0,1,0
2014,"PuntaPrieta",15,"Reserve","After",0,0,0,0,0,0,0,29,0,7,0
2014,"PuntaPrieta",16,"Reserve","After",0,0,0,0,0,7,0,7,1,15,0
2014,"PuntaPrieta",17,"Reserve","After",0,2,0,0,0,2,0,5,0,6,0
2014,"PuntaPrieta",18,"Reserve","After",0,0,8,1,0,9,0,9,2,12,0
2014,"PuntaPrieta",19,"Reserve","After",0,3,0,10,0,14,44,4,0,16,0
2014,"PuntaPrieta",20,"Reserve","After",0,0,3,0,0,8,0,4,0,1,0
