"Year","Location","Transect","Zone","Period","Anisotremusdavidsoni","Caulolatilusprinceps","Chromispunctipinnis","Embioticajacksoni","Girellanigricans","Halichoeressemicintus","Heterodontusfrancisci","Hypsypopsrubicundus","Mycteropercajordani","Mycteropercaspp","Mycteropercaxenarcha","Ophiodonelongatus","Oxyjuliscalifornica","Paralabraxclathratus","Paralabraxnebulifer","Rhacochilusvacca","Rhinobatosproductus","Scorpaenichthysmarmoratus","Sebastesauriculatus","Sebastescarnatus","Sebasteschrysomelas","Sebastesflavidus","Sebastesrastrelliger","Sebastesserranoides","Sebastessp","Semicossyphuspulcher","Squatinacalifornica","Stereolepisgigas"
2006,"Babencho",1,"Fished","Before",0,0,6,0,0,1,0,0,0,0,0,0,0,1,0,0,1,0,0,0,0,0,0,0,0,4,0,0
2006,"Babencho",2,"Fished","Before",0,0,0,0,0,0,0,0,0,0,0,0,0,0,0,0,1,0,0,0,0,0,0,0,0,0,0,0
2006,"Babencho",3,"Fished","Before",0,0,0,0,0,2,0,0,0,0,0,0,0,1,0,0,1,0,0,0,0,0,0,0,0,0,0,0
2006,"Babencho",4,"Fished","Before",0,0,0,0,0,0,0,0,0,0,0,0,0,0,0,0,1,0,0,0,0,0,0,0,0,0,0,0
2006,"Babencho",5,"Fished","Before",0,0,0,0,0,0,0,0,0,0,0,0,0,1,0,0,2,0,0,0,0,0,0,0,0,1,0,0
2006,"Babencho",6,"Fished","Before",0,0,16,0,0,0,0,3,0,0,0,0,0,4,0,0,1,0,0,0,0,0,0,0,0,7,0,0
2006,"Babencho",7,"Fished","Before",0,0,0,0,1,3,0,0,0,0,0,0,1,6,0,0,1,0,0,0,0,0,0,0,0,0,0,0
2006,"Babencho",8,"Fished","Before",0,1,35,0,0,1,0,9,0,0,0,0,0,2,0,0,1,0,0,0,0,0,0,0,0,7,0,0
2006,"Babencho",9,"Fished","Before",2,0,0,0,0,2,0,0,0,0,0,0,0,2,0,0,1,0,0,0,0,0,0,0,0,0,0,0
2006,"Babencho",10,"Fished","Before",0,0,6,0,8,1,0,5,0,0,0,0,0,0,0,0,1,0,0,0,0,0,0,0,0,4,0,0
2006,"Babencho",11,"Fished","Before",0,0,0,0,1,1,0,0,0,0,0,0,9,1,0,0,1,0,0,0,0,0,0,0,0,0,0,0
2007,"Babencho",1,"Fished","Before",0,0,17,0,0,5,0,0,0,0,0,0,0,10,0,0,2,0,0,0,0,0,0,0,0,13,0,0
2007,"Babencho",2,"Fished","Before",0,0,0,0,0,14,0,0,0,0,0,0,0,0,0,0,1,0,0,0,0,0,0,0,0,1,0,0
2007,"Babencho",3,"Fished","Before",0,0,7,0,0,0,0,1,0,0,0,0,0,4,0,0,1,0,0,0,0,0,0,0,0,6,0,0
2007,"Babencho",4,"Fished","Before",0,0,0,0,0,0,0,0,0,0,0,0,0,0,0,0,1,0,0,0,0,0,0,0,0,0,0,0
2007,"Babencho",5,"Fished","Before",0,0,18,0,0,3,0,0,0,0,0,0,0,5,0,0,1,1,0,0,0,0,0,0,0,7,0,0
2007,"Babencho",6,"Fished","Before",0,0,0,0,0,0,0,0,0,0,0,0,0,2,0,0,2,0,0,0,0,0,0,0,0,1,0,0
2007,"Babencho",7,"Fished","Before",0,0,14,0,0,8,0,3,0,0,0,0,0,24,0,0,1,0,0,0,0,0,0,0,1,11,0,0
2007,"Babencho",8,"Fished","Before",0,0,0,0,0,3,0,0,0,0,0,0,0,2,0,0,1,0,0,0,0,0,0,0,0,3,0,0
2007,"Babencho",9,"Fished","Before",0,0,0,0,0,1,0,0,0,0,0,0,0,2,0,0,1,0,0,0,0,0,0,0,0,1,0,0
2007,"Babencho",10,"Fished","Before",0,0,14,0,0,8,0,4,0,0,0,0,0,6,0,0,1,0,0,0,0,0,0,0,0,0,0,0
2007,"Babencho",11,"Fished","Before",0,0,1,1,0,5,1,0,0,0,0,0,4,6,0,0,1,0,0,0,0,0,0,0,0,0,0,0
2007,"Babencho",12,"Fished","Before",0,0,0,0,0,0,0,1,0,0,0,0,0,0,0,0,1,0,0,0,0,0,0,0,0,1,0,0
2007,"Babencho",13,"Fished","Before",0,0,4,0,0,0,0,2,0,0,0,0,0,6,0,0,2,0,0,0,0,0,0,0,0,1,0,0
2007,"Babencho",14,"Fished","Before",1,0,1,0,0,6,0,0,0,0,0,0,0,0,0,0,1,0,0,0,0,0,0,0,0,0,0,0
2007,"Babencho",15,"Fished","Before",0,0,0,0,0,0,0,2,0,0,0,0,0,4,0,0,1,0,0,0,0,0,0,0,0,2,0,0
2007,"Babencho",16,"Fished","Before",1,0,0,0,0,10,0,0,0,0,0,0,0,8,0,0,1,0,0,0,0,0,0,0,0,3,0,0
2008,"Babencho",1,"Fished","Before",0,0,0,0,0,5,0,0,0,0,0,0,0,1,0,0,1,0,0,0,0,0,0,0,0,0,0,0
2008,"Babencho",2,"Fished","Before",0,0,0,0,0,3,0,1,0,0,0,0,0,3,0,0,2,0,0,0,0,0,0,0,0,1,0,0
2008,"Babencho",3,"Fished","Before",0,0,0,0,0,0,0,0,0,0,0,0,0,2,0,0,1,0,0,0,0,0,0,0,0,1,0,0
2008,"Babencho",4,"Fished","Before",0,0,0,0,0,0,0,0,0,0,0,0,0,2,0,0,1,0,0,0,0,0,0,0,0,1,0,0
2008,"Babencho",5,"Fished","Before",0,0,0,0,0,0,0,1,0,0,0,0,0,3,0,0,1,0,0,0,0,0,0,0,0,7,0,0
2008,"Babencho",6,"Fished","Before",0,0,10,0,0,2,0,1,0,0,0,0,3,11,0,0,1,0,0,0,0,0,0,0,0,2,0,0
2008,"Babencho",7,"Fished","Before",0,0,12,0,0,4,0,1,0,0,0,0,2,10,0,0,1,0,0,0,0,0,0,0,0,17,0,0
2008,"Babencho",8,"Fished","Before",0,0,10,0,0,5,0,0,0,0,0,0,0,18,0,0,1,0,0,0,0,0,0,0,0,2,0,0
2008,"Babencho",9,"Fished","Before",0,0,3,0,0,0,0,2,0,0,0,0,0,0,0,0,2,0,0,0,0,0,0,0,0,1,0,0
2008,"Babencho",10,"Fished","Before",0,0,0,1,0,3,0,0,0,0,0,0,3,2,0,0,1,0,0,0,0,0,0,0,0,6,0,0
2008,"Babencho",11,"Fished","Before",0,0,19,0,0,5,0,1,0,0,0,0,0,6,0,0,1,0,0,0,0,0,0,0,0,6,0,0
2008,"Babencho",12,"Fished","Before",0,0,7,0,0,1,0,0,0,0,0,0,0,23,0,0,1,0,0,0,0,0,0,0,0,9,0,0
2009,"Babencho",1,"Fished","After",0,0,22,0,6,1,0,3,0,0,0,0,0,8,0,0,1,0,0,0,0,0,0,0,0,2,0,0
2009,"Babencho",2,"Fished","After",0,0,20,0,0,0,0,2,0,0,0,0,0,3,0,0,2,0,0,0,0,0,0,0,0,4,0,0
2009,"Babencho",3,"Fished","After",0,2,0,0,0,6,0,1,0,0,0,0,2,4,0,0,1,0,0,0,0,0,0,0,1,7,0,0
2009,"Babencho",4,"Fished","After",0,0,6,0,2,4,0,1,0,0,0,0,3,0,0,0,1,0,0,0,0,0,0,0,0,1,0,0
2009,"Babencho",5,"Fished","After",0,0,99,6,0,0,0,3,0,0,0,0,0,18,0,0,1,0,0,0,0,0,0,0,0,13,0,0
2009,"Babencho",6,"Fished","After",0,0,0,2,0,9,1,5,0,0,0,0,0,9,0,0,1,0,0,0,0,0,0,0,0,8,0,0
2009,"Babencho",7,"Fished","After",0,0,0,0,0,0,0,0,0,0,0,0,0,2,0,0,1,0,0,0,0,0,0,0,0,2,0,0
2009,"Babencho",8,"Fished","After",0,0,0,0,0,4,0,0,0,0,0,0,0,7,0,0,1,0,0,0,0,0,0,0,0,3,0,0
2009,"Babencho",9,"Fished","After",0,60,28,0,0,15,0,8,0,0,0,0,0,8,0,0,2,0,0,0,0,0,0,0,0,21,0,0
2009,"Babencho",10,"Fished","After",0,0,7,1,3,21,0,8,0,0,0,0,0,4,0,0,1,1,0,0,0,0,0,0,0,7,0,0
2009,"Babencho",11,"Fished","After",0,0,25,0,0,10,0,3,0,0,0,0,0,15,0,0,1,0,0,0,0,0,0,0,0,8,0,0
2009,"Babencho",12,"Fished","After",0,0,0,2,0,3,0,1,0,0,0,0,0,2,0,0,1,0,0,0,0,0,0,0,0,3,0,0
2009,"Babencho",13,"Fished","After",0,0,0,0,0,1,0,0,0,0,0,0,0,1,0,0,1,0,0,0,0,0,0,0,0,1,0,0
2009,"Babencho",14,"Fished","After",0,0,0,0,0,4,0,0,0,0,0,0,0,8,0,0,2,0,0,0,0,0,0,0,0,7,0,0
2010,"Babencho",1,"Fished","After",0,0,0,0,0,0,0,0,0,0,0,0,0,16,0,0,1,0,0,0,0,0,0,0,0,6,0,0
2010,"Babencho",2,"Fished","After",0,0,0,0,0,1,0,3,0,0,0,0,0,10,0,0,1,0,0,0,0,0,0,0,0,1,0,0
2010,"Babencho",3,"Fished","After",0,0,0,0,0,5,0,1,0,0,0,0,0,8,0,0,1,0,0,0,0,0,0,0,0,4,0,0
2010,"Babencho",4,"Fished","After",0,0,1,0,0,1,0,0,0,0,0,0,0,3,0,0,1,0,0,0,0,0,0,0,0,0,0,0
2010,"Babencho",5,"Fished","After",0,0,0,10,0,9,0,0,0,0,0,0,0,4,0,0,1,0,0,0,0,0,0,0,0,1,0,0
2010,"Babencho",6,"Fished","After",0,0,0,0,0,0,1,0,0,0,0,0,0,7,0,0,1,0,0,0,0,0,0,0,0,3,0,0
2010,"Babencho",7,"Fished","After",0,0,5,0,0,2,0,0,0,0,0,0,3,6,0,0,2,0,0,0,0,0,0,0,0,8,0,0
2010,"Babencho",8,"Fished","After",0,0,0,0,0,3,0,0,0,0,0,0,2,37,0,0,1,0,0,0,0,0,0,0,0,1,0,0
2010,"Babencho",9,"Fished","After",0,0,0,0,0,3,0,3,0,0,0,0,1,11,0,0,1,0,0,0,0,0,0,0,0,14,0,0
2010,"Babencho",10,"Fished","After",0,0,0,0,0,1,0,0,0,0,0,0,0,9,0,0,1,0,0,0,0,0,0,0,0,2,0,0
2010,"Babencho",11,"Fished","After",0,0,3,0,0,5,0,0,0,0,0,0,0,0,0,0,1,0,0,0,0,0,0,0,0,6,0,0
2010,"Babencho",12,"Fished","After",0,0,0,0,0,0,0,1,0,0,0,0,0,7,0,0,2,0,0,0,0,0,0,0,0,3,0,0
2010,"Babencho",13,"Fished","After",0,0,1,0,0,1,0,0,0,0,0,0,2,3,0,0,1,0,0,0,0,0,0,0,0,3,0,0
2010,"Babencho",14,"Fished","After",0,0,0,0,0,0,0,1,0,0,0,0,0,3,0,0,1,0,0,0,0,0,0,0,0,7,0,0
2010,"Babencho",15,"Fished","After",0,0,0,0,0,0,0,0,0,0,0,0,0,6,0,0,1,0,0,0,0,0,0,0,0,4,0,0
2010,"Babencho",16,"Fished","After",0,0,20,0,1,1,1,4,0,0,0,0,5,4,0,0,1,0,0,0,0,0,0,0,0,1,0,0
2010,"Babencho",17,"Fished","After",0,0,0,0,0,13,0,0,0,0,0,0,0,4,0,0,1,0,0,0,0,0,0,0,0,5,0,0
2010,"Babencho",18,"Fished","After",0,0,3,0,0,2,0,0,0,0,0,0,0,7,0,0,1,0,0,0,0,0,0,0,0,8,0,0
2010,"Babencho",19,"Fished","After",0,0,0,0,0,4,0,0,0,0,0,0,0,1,0,0,2,0,0,0,0,0,0,0,0,3,0,0
2010,"Babencho",20,"Fished","After",0,0,0,0,0,0,0,0,0,0,0,0,0,1,0,0,1,0,0,0,0,0,0,0,0,4,0,0
2010,"Babencho",21,"Fished","After",0,0,0,0,0,5,0,1,0,0,0,0,0,5,0,0,1,0,0,0,0,0,0,0,0,6,0,0
2010,"Babencho",22,"Fished","After",0,0,0,0,0,4,0,0,0,0,0,0,1,3,0,0,1,0,0,0,0,0,0,0,0,6,0,0
2010,"Babencho",23,"Fished","After",0,0,62,0,0,11,0,8,0,0,0,0,1,4,0,0,1,0,0,0,0,0,0,0,0,6,0,0
2010,"Babencho",24,"Fished","After",0,0,10,0,0,2,1,3,0,0,0,0,0,3,0,0,2,0,0,0,0,0,0,0,0,1,0,0
2010,"Babencho",25,"Fished","After",2,0,7,3,0,6,1,3,0,0,0,0,0,8,0,0,1,0,0,0,0,0,0,0,0,5,0,0
2011,"Babencho",1,"Fished","After",0,0,0,0,0,0,0,0,0,0,0,0,0,7,0,0,1,0,0,0,0,0,0,0,0,3,0,0
2011,"Babencho",2,"Fished","After",0,0,0,0,0,7,0,0,0,0,0,0,6,0,0,0,1,0,0,0,0,0,0,0,0,0,0,0
2011,"Babencho",3,"Fished","After",0,0,0,0,0,1,0,0,0,0,0,0,2,4,0,0,1,0,0,0,0,0,0,0,0,0,0,0
2011,"Babencho",4,"Fished","After",0,0,0,0,0,3,0,1,0,0,0,0,0,8,0,0,1,0,0,0,0,0,0,0,0,7,0,0
2011,"Babencho",5,"Fished","After",1,2,4,0,0,2,0,0,0,0,0,0,2,4,0,0,1,0,0,0,0,0,0,0,0,6,0,0
2011,"Babencho",6,"Fished","After",0,0,4,1,2,0,0,7,0,0,0,0,0,15,0,0,2,0,0,0,0,0,0,0,0,7,0,0
2011,"Babencho",7,"Fished","After",0,0,52,0,1,1,0,7,0,0,0,0,0,10,0,0,1,1,0,0,0,0,0,0,1,12,0,0
2011,"Babencho",8,"Fished","After",0,0,12,6,0,4,0,6,0,0,0,0,0,10,0,0,1,0,0,0,0,0,0,0,0,8,0,0
2011,"Babencho",9,"Fished","After",0,0,0,0,0,1,1,0,0,0,0,0,0,3,0,0,1,0,0,0,0,0,0,0,0,0,0,0
2011,"Babencho",10,"Fished","After",0,0,57,0,0,0,0,2,0,0,0,0,8,14,0,0,1,0,0,0,0,0,0,0,0,13,0,0
2011,"Babencho",11,"Fished","After",0,0,14,0,0,0,0,1,0,0,0,0,12,9,0,0,2,0,0,0,0,0,0,0,0,4,0,0
2011,"Babencho",12,"Fished","After",0,0,0,0,0,16,0,0,0,0,0,0,10,15,0,0,1,0,0,0,0,0,0,0,0,7,0,0
2011,"Babencho",13,"Fished","After",0,0,21,0,0,2,0,2,0,0,0,0,0,3,0,0,1,0,0,0,0,0,0,0,0,2,0,0
2011,"Babencho",14,"Fished","After",0,0,5,0,0,1,0,0,0,0,0,0,0,1,0,0,1,0,0,0,0,0,0,0,0,1,0,0
2011,"Babencho",15,"Fished","After",0,0,0,0,0,1,0,0,0,0,0,0,0,11,0,0,1,0,0,0,0,0,0,0,0,0,0,0
2011,"Babencho",16,"Fished","After",0,0,5,0,0,0,0,1,0,0,0,0,0,3,1,0,1,0,0,0,0,0,0,0,0,2,0,0
2011,"Babencho",17,"Fished","After",0,0,0,0,0,0,0,0,0,0,0,0,0,1,2,0,1,0,0,0,0,0,0,0,0,1,0,0
2011,"Babencho",18,"Fished","After",0,0,0,0,0,0,0,1,0,0,0,0,0,7,0,0,2,0,0,0,0,0,0,0,0,2,0,0
2011,"Babencho",19,"Fished","After",0,0,0,0,0,0,0,0,0,0,0,0,0,16,0,0,1,0,0,0,0,0,0,0,0,12,0,0
2011,"Babencho",20,"Fished","After",0,0,0,0,0,0,0,0,0,0,0,0,0,3,0,0,1,0,0,0,0,0,0,0,0,6,0,0
2011,"Babencho",21,"Fished","After",0,0,8,0,0,0,0,0,0,0,0,0,0,6,0,0,1,0,0,0,0,0,0,0,0,2,0,0
2011,"Babencho",22,"Fished","After",0,0,0,0,0,0,0,0,0,0,0,0,0,0,0,0,1,0,0,0,0,0,0,0,0,0,0,0
2012,"Babencho",1,"Fished","After",0,0,2,0,0,7,0,2,0,0,0,0,3,8,0,0,2,0,0,0,0,0,0,0,0,12,0,0
2012,"Babencho",2,"Fished","After",0,0,2,0,0,2,0,0,0,0,0,0,0,7,0,0,1,0,0,0,0,0,0,0,0,4,0,0
2012,"Babencho",3,"Fished","After",0,0,0,0,0,1,0,0,0,0,0,0,0,6,0,0,1,0,0,0,0,0,0,0,0,11,0,0
2012,"Babencho",4,"Fished","After",0,0,1,0,0,2,0,2,0,0,0,0,1,36,0,0,1,0,0,0,0,0,0,0,0,3,0,0
2012,"Babencho",5,"Fished","After",0,1,18,0,0,4,0,6,0,0,0,0,0,7,0,0,1,0,0,0,0,0,0,0,0,18,0,0
2012,"Babencho",6,"Fished","After",0,0,0,0,0,3,0,1,0,0,0,0,0,33,0,0,1,0,0,0,0,0,0,0,0,5,0,0
2012,"Babencho",7,"Fished","After",0,2,13,0,0,1,0,2,0,0,0,0,0,14,0,0,1,1,0,0,0,0,0,0,0,9,0,0
2012,"Babencho",8,"Fished","After",0,0,1,0,0,8,0,2,0,0,0,0,8,12,0,0,2,0,0,0,0,0,0,0,0,1,0,0
2012,"Babencho",9,"Fished","After",0,0,1,0,0,1,0,0,0,0,0,0,0,13,0,0,1,0,0,0,0,0,0,0,0,13,0,0
2012,"Babencho",10,"Fished","After",0,0,0,0,0,0,0,0,0,0,0,0,0,6,0,0,1,0,0,0,0,0,0,0,0,5,0,0
2012,"Babencho",11,"Fished","After",0,0,0,0,0,2,0,1,0,0,0,0,0,13,0,0,1,0,0,0,0,0,0,0,0,5,0,0
2012,"Babencho",12,"Fished","After",0,0,0,0,0,1,0,3,0,0,0,0,0,11,0,0,1,0,0,0,0,0,0,0,0,3,0,0
2012,"Babencho",13,"Fished","After",0,1,0,0,0,6,0,0,0,0,0,0,0,13,0,0,2,0,0,0,0,0,0,0,0,2,0,0
2012,"Babencho",14,"Fished","After",0,3,0,0,0,0,0,0,0,0,0,0,0,6,0,0,1,0,0,0,0,0,0,0,0,12,0,0
2012,"Babencho",15,"Fished","After",0,0,0,0,0,0,0,0,0,0,0,0,0,10,0,0,1,0,0,0,0,0,0,0,0,1,0,0
2012,"Babencho",16,"Fished","After",0,1,0,0,0,2,0,0,0,0,0,0,0,13,0,0,1,0,0,0,0,0,0,0,0,12,0,0
2012,"Babencho",17,"Fished","After",0,0,0,0,3,0,0,0,0,0,0,0,0,3,0,0,1,1,0,0,0,0,0,0,0,1,0,0
2012,"Babencho",18,"Fished","After",0,0,0,0,0,1,0,5,0,0,0,0,1,3,0,0,1,0,0,0,0,0,0,0,0,5,0,0
2012,"Babencho",19,"Fished","After",0,0,0,0,0,0,0,0,0,0,0,0,0,1,0,0,1,0,0,0,0,0,0,0,0,4,0,0
2012,"Babencho",20,"Fished","After",0,0,0,0,0,0,0,0,0,0,0,0,0,4,0,0,2,0,0,0,0,0,0,0,0,5,0,0
2014,"Babencho",1,"Fished","After",0,0,30,0,0,6,0,0,0,0,0,0,0,5,0,0,1,0,0,0,0,0,0,0,0,6,0,0
2014,"Babencho",2,"Fished","After",1,0,8,0,0,1,0,0,0,0,0,0,0,0,0,0,1,0,0,0,0,0,0,0,0,10,0,0
2014,"Babencho",3,"Fished","After",0,0,38,0,11,3,0,6,0,0,0,0,5,8,0,0,1,0,0,0,0,0,0,0,0,9,0,0
2014,"Babencho",4,"Fished","After",0,0,0,0,0,8,0,0,0,0,0,0,0,0,0,0,1,0,0,0,0,0,0,0,0,2,0,0
2014,"Babencho",5,"Fished","After",1,0,0,0,0,5,0,0,0,0,0,0,0,26,0,0,2,0,0,0,0,0,0,0,0,20,0,0
2014,"Babencho",6,"Fished","After",0,0,0,0,0,0,0,0,0,0,0,0,4,4,0,0,1,0,0,0,0,0,0,0,0,3,0,0
2014,"Babencho",7,"Fished","After",0,0,7,0,0,14,0,8,0,0,0,0,0,3,0,0,1,0,0,0,0,0,0,0,0,7,0,0
2014,"Babencho",8,"Fished","After",1,0,15,0,0,2,0,0,0,0,0,0,0,13,0,0,1,0,0,0,0,0,0,0,0,3,0,0
2014,"Babencho",9,"Fished","After",0,0,5,0,0,2,0,1,0,0,0,0,0,6,0,0,1,0,0,0,0,0,0,0,0,1,0,0
2014,"Babencho",10,"Fished","After",0,0,0,0,0,3,1,5,0,0,0,0,0,6,0,0,1,0,0,0,0,0,0,0,0,0,0,0
2014,"Babencho",11,"Fished","After",0,0,5,0,0,4,0,9,0,0,0,0,0,3,0,0,1,0,0,0,0,0,0,0,0,10,0,0
2014,"Babencho",12,"Fished","After",0,0,0,0,0,6,0,3,0,0,0,0,4,9,0,0,2,0,0,0,0,0,0,0,0,2,0,0
2014,"Babencho",13,"Fished","After",1,0,0,0,0,1,0,1,0,0,0,0,4,35,0,0,1,0,0,0,0,0,0,0,0,10,0,0
2014,"Babencho",14,"Fished","After",0,0,2,0,0,1,0,1,0,0,0,0,0,0,0,0,1,0,0,0,0,0,0,0,0,4,0,0
2014,"Babencho",15,"Fished","After",0,0,0,0,0,5,0,1,0,0,0,0,0,3,0,0,1,0,0,0,0,0,0,0,0,2,0,0
2014,"Babencho",16,"Fished","After",0,0,0,0,0,2,0,0,0,0,0,0,0,2,0,0,1,0,0,0,0,0,0,0,0,3,0,0
2014,"Babencho",17,"Fished","After",0,0,0,7,1,1,0,3,0,0,0,0,0,1,0,0,2,0,0,0,0,0,0,0,0,2,0,0
2014,"Babencho",18,"Fished","After",0,0,1,0,0,11,0,1,0,0,0,0,0,20,0,0,1,0,0,0,0,0,0,0,0,8,0,0
2014,"Babencho",19,"Fished","After",0,0,0,2,0,5,0,2,0,0,0,0,0,10,0,0,1,0,0,0,0,0,0,0,0,5,0,0
2014,"Babencho",20,"Fished","After",0,0,0,0,0,3,0,0,0,0,0,0,0,14,0,0,1,0,0,0,0,0,0,0,0,7,0,0
2007,"LaBarrita",1,"Fished","Before",0,0,19,0,0,2,0,3,0,0,0,0,0,11,0,0,1,0,0,0,0,0,0,0,0,2,0,0
2007,"LaBarrita",2,"Fished","Before",0,0,31,0,0,5,1,9,0,0,0,0,0,4,0,0,1,0,0,0,0,0,0,0,0,0,0,0
2007,"LaBarrita",3,"Fished","Before",1,0,0,0,7,1,0,0,0,0,0,0,0,13,0,0,1,0,0,0,0,0,0,0,0,2,0,0
2007,"LaBarrita",4,"Fished","Before",0,0,9,0,0,0,0,1,0,0,0,0,0,17,0,0,2,0,0,0,0,0,0,0,0,0,0,0
2007,"LaBarrita",5,"Fished","Before",0,0,10,0,15,0,0,1,0,0,0,0,3,11,0,0,1,0,0,0,0,0,0,0,0,0,0,0
2007,"LaBarrita",6,"Fished","Before",0,0,35,0,0,0,0,7,0,0,0,0,1,5,0,0,1,0,0,0,0,0,0,0,0,1,0,0
2007,"LaBarrita",7,"Fished","Before",0,0,0,0,35,0,0,1,0,0,0,0,0,12,0,0,1,0,0,0,0,0,0,0,0,3,0,0
2007,"LaBarrita",8,"Fished","Before",1,0,3,0,6,0,0,1,0,0,0,0,0,3,0,0,1,0,0,0,0,0,0,0,0,0,0,0
2007,"LaBarrita",9,"Fished","Before",0,0,40,0,12,1,0,2,0,0,0,0,0,2,0,0,2,0,0,0,0,0,0,0,0,3,0,0
2007,"LaBarrita",10,"Fished","Before",0,0,20,0,0,2,0,5,0,0,0,0,0,1,0,0,1,0,0,0,0,0,0,0,0,1,0,0
2007,"LaBarrita",11,"Fished","Before",0,0,32,0,1,0,0,1,0,0,0,0,0,3,0,0,1,0,0,0,0,0,0,0,0,2,0,0
2007,"LaBarrita",12,"Fished","Before",0,0,0,0,0,0,0,0,0,0,0,0,0,5,0,0,1,0,0,0,0,0,0,0,0,0,0,0
2007,"LaBarrita",13,"Fished","Before",0,0,32,0,0,0,0,1,0,0,0,0,0,2,0,0,1,0,0,0,0,0,0,0,0,3,0,0
2007,"LaBarrita",14,"Fished","Before",0,0,45,0,0,3,0,8,0,0,0,0,0,3,0,0,1,0,0,0,0,0,0,0,0,3,0,0
2007,"LaBarrita",15,"Fished","Before",0,0,35,0,0,20,0,4,0,0,0,0,0,9,0,0,1,0,0,0,0,0,0,0,0,2,0,0
2007,"LaBarrita",16,"Fished","Before",0,0,9,0,0,0,0,1,0,0,0,0,0,9,0,0,2,0,0,0,0,0,0,0,0,3,0,0
2008,"LaBarrita",1,"Fished","Before",0,0,15,0,1,10,0,2,0,0,0,0,0,4,0,0,1,0,0,0,0,0,0,0,0,2,0,0
2008,"LaBarrita",2,"Fished","Before",0,0,15,0,0,0,0,0,0,0,0,0,0,1,0,0,1,0,0,0,0,0,0,0,0,2,0,0
2008,"LaBarrita",3,"Fished","Before",0,0,68,3,2,6,0,12,0,0,0,0,0,15,0,0,1,0,0,0,0,0,0,0,0,15,0,0
2008,"LaBarrita",4,"Fished","Before",0,0,42,0,6,6,0,10,0,0,0,0,2,19,0,0,1,0,0,0,0,0,0,0,0,11,0,0
2008,"LaBarrita",5,"Fished","Before",0,0,22,9,0,8,0,4,0,0,0,0,0,16,0,0,2,0,0,0,0,0,0,0,0,10,0,0
2008,"LaBarrita",6,"Fished","Before",0,0,80,10,0,9,1,6,0,0,0,0,0,21,0,0,1,0,0,0,0,0,0,0,0,9,0,0
2008,"LaBarrita",7,"Fished","Before",0,0,0,0,0,1,0,6,0,0,0,0,0,1,0,0,1,0,0,0,0,0,0,0,0,1,0,0
2008,"LaBarrita",8,"Fished","Before",0,0,10,0,0,2,0,3,0,0,0,0,0,20,0,0,1,0,0,0,0,0,0,0,0,1,0,0
2008,"LaBarrita",9,"Fished","Before",0,0,3,0,0,0,0,6,0,0,0,0,4,16,0,0,1,0,0,0,0,0,0,0,0,8,0,0
2008,"LaBarrita",10,"Fished","Before",0,0,5,2,1,7,0,4,0,0,0,0,7,20,0,0,1,0,0,0,0,0,0,0,0,6,0,0
2008,"LaBarrita",11,"Fished","Before",0,0,12,1,1,3,0,9,0,0,0,0,1,12,0,0,1,0,0,0,0,0,0,0,0,11,0,0
2008,"LaBarrita",12,"Fished","Before",0,0,20,1,6,9,1,5,0,0,0,0,6,34,0,0,2,0,0,0,0,0,0,0,0,19,0,0
2008,"LaBarrita",13,"Fished","Before",0,0,0,0,0,7,0,4,0,0,0,0,4,5,0,0,1,0,0,0,0,0,0,0,0,16,0,0
2008,"LaBarrita",14,"Fished","Before",0,0,11,0,0,1,0,8,0,0,0,0,3,19,0,0,1,0,0,0,0,0,0,0,0,15,0,0
2008,"LaBarrita",15,"Fished","Before",0,0,3,1,1,2,0,2,0,0,0,0,0,4,0,0,1,0,0,0,0,0,0,0,0,1,0,0
2008,"LaBarrita",16,"Fished","Before",0,0,7,3,4,2,0,5,0,0,0,0,0,16,0,0,1,0,0,0,0,0,0,0,0,7,0,0
2008,"LaBarrita",17,"Fished","Before",2,0,8,0,4,1,0,2,0,0,0,0,0,14,0,0,2,0,0,0,0,0,0,0,0,5,0,0
2008,"LaBarrita",18,"Fished","Before",0,0,12,0,0,5,1,2,0,0,0,0,2,11,0,0,1,0,0,0,0,0,0,0,0,4,0,0
2008,"LaBarrita",19,"Fished","Before",0,0,0,0,0,0,0,0,0,0,0,0,0,2,0,0,1,0,0,0,0,0,0,0,0,1,0,0
2008,"LaBarrita",20,"Fished","Before",0,0,9,0,0,1,0,3,0,0,0,0,1,8,0,0,1,0,0,0,0,0,0,0,0,1,0,0
2009,"LaBarrita",1,"Fished","After",0,0,10,0,0,7,0,5,0,0,0,0,0,4,0,0,1,0,0,0,0,0,0,0,0,2,0,0
2009,"LaBarrita",2,"Fished","After",0,0,55,1,0,6,0,10,0,0,0,0,0,2,0,0,1,0,0,0,0,0,0,0,0,10,0,0
2009,"LaBarrita",3,"Fished","After",0,0,102,0,0,19,0,6,0,0,0,0,8,13,0,0,1,0,0,0,0,0,0,0,0,7,0,0
2009,"LaBarrita",4,"Fished","After",0,0,32,2,0,32,0,5,0,0,0,0,14,17,0,0,2,0,0,0,0,0,0,0,0,12,0,0
2009,"LaBarrita",5,"Fished","After",0,0,97,0,0,9,0,3,0,0,0,0,0,6,0,0,1,0,0,0,0,0,0,0,0,3,0,0
2009,"LaBarrita",6,"Fished","After",0,0,0,0,0,1,0,0,0,0,0,0,0,4,0,0,1,0,0,0,0,0,0,0,0,2,0,0
2009,"LaBarrita",7,"Fished","After",0,0,56,0,1,10,0,8,0,0,0,0,0,13,0,0,1,0,0,0,0,0,0,0,0,5,0,0
2009,"LaBarrita",8,"Fished","After",0,0,15,5,0,13,0,0,0,0,0,0,2,22,0,0,1,0,0,0,0,0,0,0,0,1,0,0
2009,"LaBarrita",9,"Fished","After",0,0,10,0,0,9,0,4,0,0,0,0,0,7,0,0,2,0,0,0,0,0,0,0,0,5,0,0
2009,"LaBarrita",10,"Fished","After",0,0,14,0,2,8,0,1,0,0,0,0,0,1,0,0,1,0,0,0,0,0,0,0,0,4,0,0
2009,"LaBarrita",11,"Fished","After",0,0,20,0,0,1,0,3,0,0,0,0,0,2,0,0,1,0,0,0,0,0,0,0,0,1,0,0
2009,"LaBarrita",12,"Fished","After",0,0,7,0,8,32,0,1,0,0,0,0,0,7,0,0,1,0,0,0,0,0,0,0,0,0,0,0
2009,"LaBarrita",13,"Fished","After",0,0,0,0,0,2,0,2,0,0,0,0,0,10,0,0,1,0,0,0,0,0,0,0,0,2,0,0
2009,"LaBarrita",14,"Fished","After",0,0,81,0,5,23,0,7,0,0,0,0,3,10,0,0,1,0,0,0,0,0,0,0,0,13,0,0
2009,"LaBarrita",15,"Fished","After",2,0,0,3,0,17,0,12,0,0,0,0,2,33,0,0,1,0,0,0,0,0,0,0,0,12,0,0
2009,"LaBarrita",16,"Fished","After",0,0,0,0,0,0,0,0,0,0,0,0,0,147,0,0,2,0,0,0,0,0,0,0,0,0,0,0
2009,"LaBarrita",17,"Fished","After",0,0,60,0,0,0,0,7,0,0,0,0,0,7,0,0,1,0,0,0,0,0,0,0,0,0,0,0
2009,"LaBarrita",18,"Fished","After",0,0,73,0,0,5,0,3,0,0,0,0,0,6,0,0,1,0,0,0,0,0,0,0,0,2,0,0
2009,"LaBarrita",19,"Fished","After",0,0,19,0,0,2,0,0,0,0,0,0,1,9,0,0,1,0,0,0,0,0,0,0,0,11,0,0
2009,"LaBarrita",20,"Fished","After",0,0,58,0,1,14,0,8,0,0,0,0,0,14,0,0,1,2,0,0,0,0,0,0,0,9,0,0
2009,"LaBarrita",21,"Fished","After",1,0,3,0,0,6,0,2,0,0,0,0,0,9,0,0,2,0,0,0,0,0,0,0,0,6,0,0
2009,"LaBarrita",22,"Fished","After",0,0,30,0,0,16,0,2,0,0,0,0,0,3,0,0,1,0,0,0,0,0,0,0,0,5,0,0
2009,"LaBarrita",23,"Fished","After",0,0,0,0,0,13,0,0,0,0,0,0,0,21,0,0,1,0,0,0,0,0,0,0,0,8,0,0
2009,"LaBarrita",24,"Fished","After",0,0,44,0,8,3,0,12,0,0,0,0,1,3,0,0,1,0,0,0,0,0,0,0,1,5,0,0
2009,"LaBarrita",25,"Fished","After",0,0,9,0,0,1,0,0,0,0,0,0,0,2,0,0,1,0,0,0,0,0,0,0,0,8,0,0
2006,"LaDulce",1,"Fished","Before",1,0,12,0,0,26,0,0,0,0,0,0,0,0,0,0,1,0,0,0,0,0,0,0,0,7,0,0
2006,"LaDulce",2,"Fished","Before",0,0,0,0,0,45,0,0,0,0,0,0,0,2,0,0,1,0,0,0,0,0,0,0,0,0,0,0
2006,"LaDulce",3,"Fished","Before",0,0,3,0,0,10,0,0,0,0,0,0,0,0,0,0,2,0,0,0,0,0,0,0,0,7,0,0
2006,"LaDulce",4,"Fished","Before",7,4,2,0,0,27,0,0,0,0,0,0,0,3,0,0,1,0,0,0,0,0,0,0,0,9,0,0
2006,"LaDulce",5,"Fished","Before",0,0,0,0,0,3,1,0,0,0,0,0,0,0,0,0,1,0,0,0,0,0,0,0,0,7,0,0
2006,"LaDulce",6,"Fished","Before",5,0,0,0,0,1,0,0,0,0,0,0,12,2,0,0,1,0,0,0,0,0,0,0,0,4,0,0
2006,"LaDulce",7,"Fished","Before",0,0,60,0,8,23,0,9,0,0,0,0,0,1,0,0,1,0,0,0,0,0,0,0,0,0,0,0
2006,"LaDulce",8,"Fished","Before",1,0,16,0,21,10,0,6,0,0,0,0,7,3,0,0,2,0,0,0,0,0,0,0,0,0,0,0
2006,"LaDulce",9,"Fished","Before",3,0,20,0,12,24,0,3,0,0,0,0,7,3,0,0,1,0,0,0,0,0,0,0,0,3,0,0
2006,"LaDulce",10,"Fished","Before",0,0,15,0,11,11,0,7,0,0,0,0,1,1,0,0,1,0,0,0,0,0,0,0,0,0,0,0
2006,"LaDulce",11,"Fished","Before",0,0,0,0,10,4,0,6,0,0,0,0,8,4,0,0,1,0,0,0,0,0,0,0,0,9,0,0
2006,"LaDulce",12,"Fished","Before",3,0,15,0,1,2,0,5,0,0,0,0,7,0,0,0,1,0,0,0,0,0,0,0,0,0,0,0
2007,"LaDulce",1,"Fished","Before",0,0,9,0,0,41,0,1,0,0,0,0,0,5,0,0,1,0,0,0,0,0,0,0,0,5,0,4
2007,"LaDulce",2,"Fished","Before",0,0,35,4,0,29,2,4,0,0,0,0,0,16,0,0,1,0,0,0,0,0,0,0,0,24,0,0
2007,"LaDulce",3,"Fished","Before",0,0,25,0,1,3,0,4,0,0,0,0,10,6,0,0,2,0,0,0,0,0,0,0,0,4,0,2
2007,"LaDulce",4,"Fished","Before",0,0,2,0,0,7,0,0,0,0,0,0,10,6,0,0,1,0,0,0,0,0,0,0,0,0,0,0
2007,"LaDulce",5,"Fished","Before",0,0,8,0,0,20,0,1,0,0,0,0,0,6,0,0,1,0,0,0,0,0,0,0,0,2,0,0
2007,"LaDulce",6,"Fished","Before",0,0,10,0,4,6,0,1,0,0,0,0,0,22,0,0,1,0,0,0,0,0,0,0,0,10,0,0
2007,"LaDulce",7,"Fished","Before",0,0,0,0,0,24,0,2,0,0,0,0,0,15,0,0,1,0,0,0,0,0,0,0,0,9,0,0
2007,"LaDulce",8,"Fished","Before",0,0,13,0,0,9,0,6,0,0,0,0,0,9,0,0,2,0,0,0,0,0,0,0,0,8,0,0
2007,"LaDulce",9,"Fished","Before",0,0,0,0,0,18,1,1,0,0,0,0,0,3,0,0,1,0,0,0,0,0,0,0,0,11,0,0
2007,"LaDulce",10,"Fished","Before",4,0,10,0,0,33,1,2,0,0,0,0,7,6,0,0,1,0,0,0,0,0,0,0,0,2,0,0
2007,"LaDulce",11,"Fished","Before",0,0,0,0,0,4,1,0,0,0,0,0,0,9,0,0,1,0,0,0,0,0,0,0,3,6,0,0
2007,"LaDulce",12,"Fished","Before",1,0,11,0,0,12,1,0,0,0,0,0,0,3,0,0,1,0,0,0,0,0,0,0,0,2,0,0
2007,"LaDulce",13,"Fished","Before",0,0,17,0,0,8,0,2,0,0,0,0,0,1,0,0,1,0,0,0,0,0,0,0,0,3,0,0
2007,"LaDulce",14,"Fished","Before",0,0,1,0,0,26,1,1,0,0,0,0,1,2,0,0,1,0,0,0,0,0,0,0,0,4,0,0
2007,"LaDulce",15,"Fished","Before",0,0,1,0,0,14,1,0,0,0,0,0,0,4,0,0,2,0,0,0,0,0,0,0,0,6,0,0
2007,"LaDulce",16,"Fished","Before",0,0,36,0,0,33,1,7,0,0,0,0,0,5,0,0,1,0,0,0,0,0,0,0,0,4,0,0
2008,"LaDulce",1,"Fished","Before",0,0,0,0,0,5,0,3,0,0,0,0,0,0,0,0,1,0,0,0,0,0,0,0,0,7,0,0
2008,"LaDulce",2,"Fished","Before",0,0,0,0,0,0,0,0,0,0,0,0,0,0,0,0,1,1,0,0,0,0,0,0,0,1,0,0
2008,"LaDulce",3,"Fished","Before",0,2,0,0,0,0,0,0,0,0,0,0,0,4,0,0,1,0,0,0,0,0,0,0,0,2,0,0
2008,"LaDulce",4,"Fished","Before",0,0,0,0,0,0,0,0,0,0,0,0,0,0,0,0,2,0,0,0,0,0,0,0,0,0,0,0
2008,"LaDulce",5,"Fished","Before",0,0,50,0,0,5,0,0,0,0,0,0,3,4,0,0,1,0,0,0,0,0,0,0,0,11,0,0
2008,"LaDulce",6,"Fished","Before",1,1,0,0,0,7,1,0,0,0,0,0,0,5,0,0,1,0,0,0,0,0,0,0,0,18,0,0
2008,"LaDulce",7,"Fished","Before",21,1,0,0,0,0,0,0,0,0,0,0,6,8,0,0,1,0,0,0,0,0,0,0,0,33,0,0
2008,"LaDulce",8,"Fished","Before",0,0,0,0,0,2,0,0,0,0,0,0,1,0,0,0,1,0,0,0,0,0,0,0,0,4,0,0
2008,"LaDulce",9,"Fished","Before",0,4,0,0,3,14,0,5,0,0,0,0,0,9,0,0,1,2,0,0,0,0,0,0,0,17,0,0
2008,"LaDulce",10,"Fished","Before",0,0,7,0,0,5,0,2,0,0,0,0,0,3,0,0,1,0,0,0,0,0,0,0,0,5,0,0
2008,"LaDulce",11,"Fished","Before",0,1,0,0,0,6,0,0,0,0,0,0,0,1,0,0,2,0,0,0,0,0,0,0,0,3,0,0
2008,"LaDulce",12,"Fished","Before",0,0,0,0,0,0,0,0,0,0,0,0,0,0,0,0,1,0,0,0,0,0,0,0,0,1,0,0
2008,"LaDulce",13,"Fished","Before",0,0,35,1,0,6,2,4,0,0,0,0,48,5,0,0,1,0,0,0,0,0,0,0,0,1,0,0
2008,"LaDulce",14,"Fished","Before",0,0,15,0,0,10,0,2,0,0,0,0,0,1,0,0,1,0,0,0,0,0,0,0,0,2,0,0
2008,"LaDulce",15,"Fished","Before",0,0,78,3,0,31,2,11,0,0,0,0,14,3,0,0,1,0,0,0,0,0,0,0,0,3,0,0
2008,"LaDulce",16,"Fished","Before",0,0,6,0,0,27,1,4,0,0,0,0,15,5,0,0,2,1,0,0,0,0,0,0,0,2,0,0
2009,"LaDulce",1,"Fished","After",0,0,0,0,0,1,0,2,0,0,0,0,0,0,0,0,1,0,0,0,0,0,0,0,0,1,0,0
2009,"LaDulce",2,"Fished","After",0,0,6,0,0,9,0,0,0,0,0,0,0,0,0,0,1,0,0,0,0,0,0,0,0,4,0,0
2009,"LaDulce",3,"Fished","After",0,0,13,0,0,4,0,6,0,0,0,0,0,0,0,0,1,0,0,0,0,0,0,0,0,6,0,0
2009,"LaDulce",4,"Fished","After",0,0,0,0,0,9,0,0,0,0,0,0,1,5,0,0,1,0,0,0,0,0,0,0,0,13,0,0
2009,"LaDulce",5,"Fished","After",0,0,7,0,0,8,0,0,0,0,0,0,6,0,0,0,1,0,0,0,0,0,0,0,0,10,0,0
2009,"LaDulce",6,"Fished","After",0,0,5,0,0,18,0,0,0,0,0,0,0,0,0,0,1,0,0,0,0,0,0,0,0,3,0,0
2009,"LaDulce",7,"Fished","After",0,0,0,0,3,1,0,3,0,0,0,0,0,0,0,0,2,0,0,0,0,0,0,0,0,4,0,0
2009,"LaDulce",8,"Fished","After",0,0,50,0,0,18,0,0,0,0,0,0,0,2,0,0,1,0,0,0,0,0,0,0,0,4,0,0
2009,"LaDulce",9,"Fished","After",0,1,0,0,0,2,0,0,0,0,0,0,0,0,0,0,1,0,0,0,0,0,0,0,0,13,0,0
2009,"LaDulce",10,"Fished","After",0,0,24,0,0,21,0,7,0,0,0,0,1,7,0,0,1,0,0,0,0,0,0,0,0,14,0,0
2009,"LaDulce",11,"Fished","After",0,0,4,0,0,10,0,0,0,0,0,0,0,2,0,0,1,0,0,0,0,0,0,0,0,11,0,0
2009,"LaDulce",12,"Fished","After",0,0,111,0,0,6,0,5,0,0,0,0,1,8,0,0,2,0,0,0,0,0,0,0,0,9,0,0
2009,"LaDulce",13,"Fished","After",0,0,0,0,0,0,0,0,0,0,0,0,0,0,0,0,1,0,0,0,0,0,0,0,0,5,0,0
2009,"LaDulce",14,"Fished","After",0,0,7,0,0,1,0,2,0,0,0,0,0,0,0,0,1,0,0,0,0,0,0,0,0,17,0,0
2009,"LaDulce",15,"Fished","After",0,0,3,0,2,3,0,6,0,0,0,0,0,0,0,0,1,0,0,0,0,0,0,0,0,3,0,0
2009,"LaDulce",16,"Fished","After",0,0,0,0,0,2,0,0,0,0,0,0,0,0,0,0,1,0,0,0,0,0,0,0,0,3,0,0
2009,"LaDulce",17,"Fished","After",0,0,46,0,0,18,0,2,0,0,0,0,0,0,0,0,1,0,0,0,0,0,0,0,0,3,0,0
2009,"LaDulce",18,"Fished","After",0,0,20,0,37,43,0,6,0,0,0,0,0,0,0,0,1,0,0,0,0,0,0,0,0,2,0,0
2009,"LaDulce",19,"Fished","After",0,0,0,0,0,12,0,0,0,0,0,0,0,2,0,0,2,0,0,0,0,0,0,0,0,3,0,0
2009,"LaDulce",20,"Fished","After",0,0,4,3,10,23,0,3,0,0,0,0,0,12,3,0,1,0,0,0,0,0,0,0,0,12,0,0
2009,"LaDulce",21,"Fished","After",0,0,71,0,6,67,1,5,0,0,0,0,13,4,0,0,1,0,0,0,0,0,0,0,0,4,0,0
2009,"LaDulce",22,"Fished","After",0,0,27,0,1,22,0,4,0,0,0,0,0,3,0,0,1,0,0,0,0,0,0,0,0,8,0,0
2009,"LaDulce",23,"Fished","After",2,0,35,0,2,99,0,8,0,0,0,0,15,14,0,0,1,2,0,0,0,0,0,0,0,8,0,0
2009,"LaDulce",24,"Fished","After",0,0,2,2,0,7,0,0,0,0,0,0,0,2,0,0,2,0,0,0,0,0,0,0,0,7,0,0
2009,"LaDulce",25,"Fished","After",0,0,19,0,0,12,1,1,0,0,0,0,0,0,0,0,1,0,0,0,0,0,0,0,0,6,0,0
2010,"LaDulce",8,"Fished","After",0,0,8,0,1,33,0,0,0,0,0,0,26,0,0,0,1,0,0,0,0,0,0,0,0,4,0,0
2010,"LaDulce",9,"Fished","After",0,0,55,0,0,6,0,4,0,0,0,0,2,20,0,0,1,0,0,0,0,0,0,0,0,7,0,0
2010,"LaDulce",10,"Fished","After",0,0,24,0,0,28,3,7,0,0,0,0,10,9,0,0,1,0,0,0,0,0,0,0,0,6,0,0
2010,"LaDulce",11,"Fished","After",0,0,0,0,0,8,2,4,0,0,0,0,0,4,0,0,1,0,0,0,0,0,0,0,0,9,0,0
2010,"LaDulce",12,"Fished","After",0,2,0,0,0,16,2,5,0,0,0,0,2,6,0,0,1,0,0,0,0,0,0,0,0,6,0,0
2010,"LaDulce",13,"Fished","After",0,0,10,0,0,30,1,3,0,0,0,0,0,9,0,0,2,0,0,0,0,0,0,0,0,7,0,0
2010,"LaDulce",14,"Fished","After",0,0,1,0,0,9,0,0,0,0,0,0,0,4,0,0,1,0,0,0,0,0,0,0,0,9,0,0
2010,"LaDulce",15,"Fished","After",0,0,0,0,0,25,0,3,0,0,0,0,6,16,0,0,1,0,0,0,0,0,0,0,0,7,0,0
2010,"LaDulce",16,"Fished","After",0,0,20,0,0,7,0,2,0,0,0,0,0,5,0,0,1,0,0,0,0,0,0,0,0,9,0,0
2010,"LaDulce",17,"Fished","After",0,0,1,0,0,17,0,3,0,0,0,0,1,3,0,0,1,0,0,0,0,0,0,0,0,1,0,0
2010,"LaDulce",18,"Fished","After",0,1,18,0,0,20,0,5,0,0,0,0,0,0,0,0,2,0,0,0,0,0,0,0,0,5,0,0
2010,"LaDulce",19,"Fished","After",0,0,0,0,0,8,0,0,0,0,0,0,0,6,0,0,1,0,0,0,0,0,0,0,0,4,0,0
2010,"LaDulce",20,"Fished","After",0,0,1,0,0,2,0,0,0,0,0,0,2,2,0,0,1,0,0,0,0,0,0,0,0,2,0,0
2010,"LaDulce",21,"Fished","After",0,0,0,0,0,41,0,0,0,0,0,0,3,0,0,0,1,0,0,0,0,0,0,0,0,1,0,0
2010,"LaDulce",22,"Fished","After",0,0,2,0,0,40,0,1,0,0,0,0,24,2,0,0,1,0,0,0,0,0,0,0,0,4,0,0
2010,"LaDulce",23,"Fished","After",0,2,0,0,0,8,0,0,0,0,0,0,2,0,0,0,1,0,0,0,0,0,0,0,0,1,0,0
2010,"LaDulce",24,"Fished","After",0,0,6,0,0,3,0,2,0,0,0,0,1,6,0,0,1,0,0,0,0,0,0,0,0,10,0,0
2010,"LaDulce",25,"Fished","After",0,1,3,0,0,4,0,0,0,0,0,0,0,0,0,0,2,0,0,0,0,0,0,0,0,12,0,0
2010,"LaDulce",26,"Fished","After",0,1,32,0,0,15,0,5,0,0,0,0,5,6,0,0,1,0,0,0,0,0,0,0,0,15,0,0
2010,"LaDulce",27,"Fished","After",0,0,7,0,0,17,0,0,0,0,0,0,0,1,0,0,1,0,0,0,0,0,0,0,0,5,0,0
2011,"LaDulce",1,"Fished","After",0,0,0,0,0,3,0,0,0,0,0,0,0,5,0,0,1,0,0,0,0,0,0,0,0,8,0,0
2011,"LaDulce",2,"Fished","After",0,0,0,6,0,14,0,2,0,0,0,0,85,0,0,0,1,0,0,0,0,0,0,0,0,1,0,0
2011,"LaDulce",3,"Fished","After",0,0,0,0,0,0,0,0,0,0,0,0,0,0,0,0,2,0,0,0,0,0,0,0,0,1,0,0
2011,"LaDulce",4,"Fished","After",0,0,0,0,0,6,0,6,0,0,0,0,7,0,0,0,1,0,0,0,0,0,0,0,0,4,0,0
2011,"LaDulce",5,"Fished","After",0,0,30,0,0,0,0,11,0,0,0,0,0,3,0,0,1,0,0,0,0,0,0,0,0,12,0,0
2011,"LaDulce",6,"Fished","After",0,0,0,7,1,32,3,5,0,0,0,0,0,1,0,0,1,0,0,0,0,0,0,0,0,5,0,0
2011,"LaDulce",7,"Fished","After",0,8,0,0,0,0,0,6,0,0,0,0,0,0,0,0,1,0,0,0,0,0,0,0,0,4,0,0
2011,"LaDulce",8,"Fished","After",0,0,55,0,2,22,0,8,0,0,0,0,5,3,0,0,1,0,0,0,0,0,0,0,0,7,0,0
2011,"LaDulce",9,"Fished","After",0,0,0,0,0,0,0,4,0,0,0,0,0,2,0,0,1,0,0,0,0,0,0,0,0,5,0,0
2011,"LaDulce",10,"Fished","After",1,0,30,0,6,0,0,11,0,0,0,1,0,3,0,0,2,0,0,0,0,0,0,0,0,5,0,0
2011,"LaDulce",11,"Fished","After",0,0,0,0,0,0,0,1,0,0,0,0,0,0,0,0,1,1,0,0,0,0,0,0,0,5,0,0
2011,"LaDulce",12,"Fished","After",0,0,14,6,0,29,5,6,0,0,0,0,23,2,0,0,1,0,0,0,0,0,0,0,0,21,0,0
2011,"LaDulce",13,"Fished","After",0,3,0,0,0,0,0,5,0,0,0,0,1,5,0,0,1,1,0,0,0,0,0,0,0,9,0,0
2011,"LaDulce",14,"Fished","After",0,0,12,0,0,13,1,12,0,0,0,0,8,5,0,0,1,0,0,0,0,0,0,0,0,15,0,0
2011,"LaDulce",15,"Fished","After",0,0,0,0,0,15,0,0,0,0,0,0,32,0,0,0,2,0,0,0,0,0,0,0,0,4,0,1
2011,"LaDulce",16,"Fished","After",0,0,0,0,0,4,0,0,0,0,0,0,15,1,0,0,1,0,0,0,0,0,0,0,0,3,0,0
2011,"LaDulce",17,"Fished","After",0,0,5,1,0,3,0,2,0,0,0,0,0,0,0,0,1,0,0,0,0,0,0,0,0,0,0,0
2011,"LaDulce",18,"Fished","After",0,0,11,0,0,0,0,2,0,0,0,0,0,8,0,0,1,0,0,0,0,0,0,0,0,12,0,0
2011,"LaDulce",19,"Fished","After",0,0,30,0,0,10,0,5,0,0,0,0,0,2,0,0,1,0,0,0,0,0,0,0,0,6,0,0
2011,"LaDulce",20,"Fished","After",0,1,0,0,2,0,0,3,0,0,0,0,0,13,0,0,1,0,0,0,0,0,0,0,0,9,0,0
2011,"LaDulce",21,"Fished","After",0,1,28,0,1,6,0,6,0,0,0,0,0,3,0,0,1,0,0,0,0,0,0,0,0,4,0,0
2011,"LaDulce",22,"Fished","After",0,0,5,4,1,10,2,6,0,0,0,0,76,6,0,0,2,0,0,0,0,0,0,0,0,3,0,0
2011,"LaDulce",23,"Fished","After",1,0,26,0,0,3,0,4,0,0,0,0,30,7,0,0,1,0,0,0,0,0,0,0,0,3,0,0
2011,"LaDulce",24,"Fished","After",3,0,65,0,4,0,0,6,0,0,0,0,15,10,0,0,1,0,0,0,0,0,0,0,0,8,0,0
2011,"LaDulce",25,"Fished","After",0,0,40,0,0,18,0,2,0,0,0,0,10,29,0,0,1,0,0,0,0,0,0,0,0,0,0,0
2012,"LaDulce",1,"Fished","After",0,0,55,0,0,18,0,12,0,0,0,0,2,20,0,0,1,0,0,0,0,0,0,0,0,11,0,0
2012,"LaDulce",2,"Fished","After",0,0,25,0,4,16,0,3,0,0,0,0,2,18,0,0,2,0,0,0,0,0,0,0,0,14,0,0
2012,"LaDulce",3,"Fished","After",0,1,27,0,1,2,1,4,0,0,0,0,0,3,0,0,1,0,0,0,0,0,0,0,0,6,0,0
2012,"LaDulce",4,"Fished","After",0,0,24,0,0,0,0,3,0,0,0,0,0,14,0,0,1,0,0,0,0,0,0,0,0,2,0,0
2012,"LaDulce",5,"Fished","After",140,0,10,1,0,0,1,3,0,0,0,0,0,9,0,0,1,0,0,0,0,0,0,0,0,16,0,0
2012,"LaDulce",6,"Fished","After",0,0,90,0,2,8,0,9,0,0,0,0,3,12,0,0,1,0,0,0,0,0,0,0,0,16,0,0
2012,"LaDulce",7,"Fished","After",1,4,41,0,3,19,0,6,0,0,0,0,0,23,0,0,1,0,0,0,0,0,0,0,0,12,0,0
2012,"LaDulce",8,"Fished","After",0,1,15,0,4,4,0,5,0,0,0,0,0,12,0,0,1,0,0,0,0,0,0,0,0,14,0,0
2012,"LaDulce",9,"Fished","After",0,0,21,0,1,2,0,2,0,0,0,0,0,11,0,0,2,0,0,0,0,0,0,0,0,18,0,0
2012,"LaDulce",10,"Fished","After",2,0,1,0,2,3,0,6,0,0,0,0,0,4,0,0,1,0,0,0,0,0,0,0,0,22,0,0
2012,"LaDulce",11,"Fished","After",0,0,51,0,0,18,0,4,0,0,0,0,0,29,0,0,1,0,0,0,0,0,0,0,0,19,0,0
2012,"LaDulce",12,"Fished","After",0,0,47,0,0,36,0,3,0,0,0,0,20,12,0,0,1,0,0,0,0,0,0,0,0,23,0,0
2012,"LaDulce",13,"Fished","After",0,0,0,0,0,31,0,1,0,0,0,0,4,14,0,0,1,0,0,0,0,0,0,0,0,3,0,0
2012,"LaDulce",14,"Fished","After",0,0,22,1,0,8,0,2,0,0,0,0,50,4,0,0,2,0,0,0,0,0,0,0,0,7,0,0
2012,"LaDulce",15,"Fished","After",0,0,20,0,0,4,7,6,0,0,0,0,10,7,0,0,1,0,0,0,0,0,0,0,0,2,0,0
2012,"LaDulce",16,"Fished","After",0,0,0,0,0,6,0,0,0,0,0,0,0,4,0,0,1,0,0,0,0,0,0,0,0,0,0,0
2012,"LaDulce",17,"Fished","After",0,0,0,0,1,1,3,3,0,0,0,0,10,5,0,0,1,0,0,0,0,0,0,0,0,5,0,0
2012,"LaDulce",18,"Fished","After",1,0,1,2,0,10,1,5,0,0,0,0,0,1,0,0,1,0,0,0,0,0,0,0,0,14,0,0
2012,"LaDulce",19,"Fished","After",0,0,15,0,0,3,0,1,0,0,0,0,4,7,0,0,1,0,0,0,0,0,0,0,0,14,0,19
2012,"LaDulce",20,"Fished","After",0,4,10,0,0,11,0,0,0,0,0,0,4,12,0,0,1,0,0,0,0,0,0,0,0,17,0,0
2012,"LaDulce",21,"Fished","After",0,11,20,0,0,8,0,0,0,0,0,0,0,13,0,0,2,0,0,0,0,0,0,0,0,6,0,23
2012,"LaDulce",22,"Fished","After",0,0,6,0,0,63,2,0,0,0,0,0,3,16,0,0,1,1,0,0,0,0,0,0,0,6,0,0
2012,"LaDulce",23,"Fished","After",0,0,0,2,0,12,0,0,0,0,0,0,12,8,0,0,1,0,0,0,0,0,0,0,0,6,0,12
2012,"LaDulce",24,"Fished","After",0,0,3,1,0,12,0,0,0,0,0,0,19,7,0,0,1,0,0,0,0,0,0,0,0,9,0,0
2013,"LaDulce",1,"Fished","After",0,1,14,0,0,12,1,0,0,0,0,0,32,8,0,0,1,0,0,0,0,0,0,0,0,8,0,0
2013,"LaDulce",2,"Fished","After",1,0,0,0,0,15,5,6,0,0,0,0,7,8,0,0,2,0,0,0,0,0,0,0,0,5,0,0
2013,"LaDulce",3,"Fished","After",0,0,0,0,3,11,0,6,0,0,0,0,0,13,0,0,1,0,0,0,0,0,0,0,0,15,0,0
2013,"LaDulce",4,"Fished","After",23,0,17,3,11,35,1,15,0,0,0,0,0,22,2,0,1,0,0,0,0,0,0,0,0,17,0,0
2013,"LaDulce",5,"Fished","After",0,0,0,0,0,1,0,1,0,0,0,0,0,6,0,0,1,0,0,0,0,0,0,0,0,1,0,0
2013,"LaDulce",6,"Fished","After",1,0,6,0,2,44,0,2,0,0,0,0,0,15,2,0,1,0,0,0,0,0,0,0,0,6,0,0
2013,"LaDulce",7,"Fished","After",0,1,2,0,0,0,0,1,0,0,0,0,22,14,0,0,1,0,0,0,0,0,0,0,0,17,0,0
2013,"LaDulce",8,"Fished","After",5,0,60,1,0,23,1,7,0,0,0,0,16,19,0,4,1,0,0,0,0,0,0,0,0,15,0,0
2013,"LaDulce",9,"Fished","After",0,0,70,0,0,48,2,9,0,0,0,0,14,36,0,0,2,0,0,0,0,0,0,0,0,25,0,0
2013,"LaDulce",10,"Fished","After",29,2,33,2,7,29,0,6,0,0,0,0,21,38,0,0,1,0,0,0,0,0,0,0,1,26,0,0
2013,"LaDulce",11,"Fished","After",0,1,10,0,0,22,2,3,0,0,0,0,0,21,0,0,1,0,0,0,0,0,0,0,0,23,0,3
2013,"LaDulce",12,"Fished","After",2,0,0,4,0,21,0,2,0,0,0,0,0,22,1,0,1,0,0,0,0,0,0,0,0,9,0,0
2013,"LaDulce",13,"Fished","After",0,0,34,1,0,21,2,8,0,0,0,0,0,8,0,0,1,0,0,0,0,0,0,0,0,22,0,0
2013,"LaDulce",14,"Fished","After",12,0,12,9,21,16,0,3,0,0,0,0,0,25,0,0,2,0,0,0,0,0,0,0,0,13,0,0
2013,"LaDulce",15,"Fished","After",0,0,35,0,0,9,2,2,0,0,0,0,0,7,0,0,1,0,0,0,0,0,0,0,0,8,0,0
2013,"LaDulce",16,"Fished","After",30,0,16,0,0,44,2,1,0,0,0,0,0,6,0,0,1,0,0,0,0,0,0,0,0,7,0,0
2013,"LaDulce",17,"Fished","After",0,0,7,0,3,9,0,4,0,0,0,0,0,10,0,0,1,0,0,0,0,0,0,0,0,10,0,0
2013,"LaDulce",18,"Fished","After",0,0,26,0,2,48,0,9,0,0,0,0,0,20,0,0,1,0,0,0,0,0,0,0,0,13,0,0
2013,"LaDulce",19,"Fished","After",0,3,5,0,0,15,0,0,0,0,0,0,0,18,0,0,1,0,0,0,0,0,0,0,0,8,0,4
2013,"LaDulce",20,"Fished","After",0,0,35,0,6,7,4,2,0,0,0,0,25,29,0,0,1,0,0,0,0,0,0,0,0,23,0,0
2014,"LaDulce",1,"Fished","After",0,0,14,0,0,25,0,1,0,0,0,0,0,2,0,0,2,0,0,0,0,0,0,0,0,3,0,0
2014,"LaDulce",2,"Fished","After",0,0,0,0,0,21,0,0,0,0,0,0,0,0,0,0,1,0,0,0,0,0,0,0,0,0,0,0
2014,"LaDulce",3,"Fished","After",0,2,0,0,0,10,1,0,0,0,0,0,4,3,0,0,1,0,0,0,0,0,0,0,0,2,0,1
2014,"LaDulce",4,"Fished","After",0,0,0,0,0,9,0,0,0,0,0,0,0,0,0,0,1,0,0,0,0,0,0,0,0,0,0,1
2014,"LaDulce",5,"Fished","After",0,4,0,0,0,29,1,0,0,0,0,0,0,16,0,0,1,0,0,0,0,0,0,0,0,7,0,1
2014,"LaDulce",6,"Fished","After",0,1,0,0,0,0,0,0,0,0,0,0,0,36,0,0,2,0,0,0,0,0,0,0,0,8,0,1
2014,"LaDulce",7,"Fished","After",0,1,0,0,0,14,0,0,0,0,0,0,0,1,0,0,1,0,0,0,0,0,0,0,0,2,0,0
2014,"LaDulce",8,"Fished","After",0,0,0,0,0,13,0,0,0,0,0,0,0,2,0,0,1,0,0,0,0,0,0,0,0,5,0,0
2014,"LaDulce",9,"Fished","After",0,0,0,0,0,43,0,0,0,0,0,0,0,2,0,0,1,0,0,0,0,0,0,0,0,3,0,1
2014,"LaDulce",10,"Fished","After",0,2,0,0,0,0,0,4,0,0,0,0,0,11,0,0,1,0,0,0,0,0,0,0,0,8,0,0
2014,"LaDulce",11,"Fished","After",0,0,10,0,0,36,0,2,0,0,0,0,0,8,0,0,1,0,0,0,0,0,0,0,0,11,0,0
2014,"LaDulce",12,"Fished","After",0,0,0,1,0,79,1,6,0,0,0,0,39,6,0,0,1,0,0,0,0,0,0,0,0,11,0,0
2014,"LaDulce",13,"Fished","After",0,0,0,0,0,9,0,6,0,0,0,0,5,0,0,0,2,0,0,0,0,0,0,0,0,2,0,0
2014,"LaDulce",14,"Fished","After",0,0,10,0,0,16,0,2,0,0,0,0,10,2,0,0,1,0,0,0,0,0,0,0,0,3,0,0
2014,"LaDulce",15,"Fished","After",0,1,60,0,2,41,0,9,0,0,0,0,10,10,0,0,1,0,0,0,0,0,0,0,0,8,0,0
2014,"LaDulce",16,"Fished","After",0,0,7,0,0,9,0,4,0,0,0,0,0,10,0,0,1,0,0,0,0,0,0,0,0,6,0,0
2014,"LaDulce",17,"Fished","After",0,0,4,0,0,36,0,17,0,0,0,0,0,8,0,0,1,0,0,0,0,0,0,0,0,8,0,0
2014,"LaDulce",18,"Fished","After",0,0,0,0,4,15,4,11,0,0,0,0,0,7,0,0,2,0,0,0,0,0,0,0,0,6,0,0
2007,"LaGuanera",1,"Fished","Before",0,0,0,0,0,3,0,0,0,0,0,0,0,6,0,0,1,0,0,0,0,0,0,0,0,16,0,0
2007,"LaGuanera",2,"Fished","Before",0,0,4,1,0,16,0,0,0,0,0,0,0,13,0,0,1,0,0,0,0,0,0,0,0,10,0,0
2007,"LaGuanera",3,"Fished","Before",1,0,0,0,0,5,0,0,0,0,0,0,0,7,0,0,1,0,0,0,0,0,0,0,0,10,0,0
2007,"LaGuanera",4,"Fished","Before",1,0,0,0,0,1,0,1,0,0,0,0,1,7,0,0,1,0,0,0,0,0,0,0,0,3,0,0
2007,"LaGuanera",5,"Fished","Before",0,0,66,0,2,25,0,0,0,0,0,0,0,2,0,0,1,1,0,0,0,0,0,0,0,5,0,0
2007,"LaGuanera",6,"Fished","Before",20,0,2,0,1,3,0,2,0,0,0,0,0,2,0,0,1,1,0,0,0,0,0,0,0,1,0,0
2007,"LaGuanera",7,"Fished","Before",0,0,35,0,0,12,0,0,0,0,0,0,0,14,0,0,2,0,0,0,0,0,0,0,0,9,0,0
2007,"LaGuanera",8,"Fished","Before",0,0,15,0,4,15,0,1,0,0,0,0,0,7,0,0,1,0,0,0,0,0,0,0,0,7,0,0
2007,"LaGuanera",9,"Fished","Before",3,0,10,1,0,16,0,1,0,0,0,0,0,18,0,0,1,0,0,0,0,0,0,0,0,6,0,0
2007,"LaGuanera",10,"Fished","Before",10,0,2,0,0,5,0,0,0,0,0,0,0,10,0,0,1,0,0,0,0,0,0,0,0,2,0,0
2007,"LaGuanera",11,"Fished","Before",0,0,0,0,0,26,0,0,0,0,0,0,0,13,0,0,1,0,0,0,0,0,0,0,0,7,0,0
2007,"LaGuanera",12,"Fished","Before",0,0,5,0,4,1,0,0,0,0,0,0,0,13,0,0,2,0,0,0,0,0,0,0,0,10,0,0
2007,"LaGuanera",13,"Fished","Before",0,0,12,0,1,17,0,2,0,0,0,0,2,13,0,0,1,0,0,0,0,0,0,0,0,7,0,0
2007,"LaGuanera",14,"Fished","Before",0,0,0,0,0,21,0,0,0,0,0,0,0,7,0,0,1,0,0,0,0,0,0,0,0,4,0,0
2007,"LaGuanera",15,"Fished","Before",1,0,20,0,0,8,0,3,0,0,0,0,0,18,1,0,1,0,0,0,0,0,0,0,0,9,0,0
2008,"LaGuanera",1,"Fished","Before",0,0,0,0,0,23,0,0,0,0,0,0,1,4,0,0,1,0,0,0,0,0,0,0,0,1,0,0
2008,"LaGuanera",2,"Fished","Before",0,0,16,2,0,12,0,2,0,0,0,0,3,4,0,0,1,0,0,0,0,0,0,0,1,4,0,0
2008,"LaGuanera",3,"Fished","Before",0,0,0,0,0,5,0,0,0,0,0,0,0,5,0,0,1,0,0,0,0,0,0,0,0,0,0,0
2008,"LaGuanera",4,"Fished","Before",0,0,1,0,0,3,0,1,0,0,0,0,0,6,0,0,2,0,0,0,0,0,0,0,0,0,0,0
2008,"LaGuanera",5,"Fished","Before",0,0,10,0,1,4,0,5,0,0,0,0,3,3,0,0,1,0,0,0,0,0,0,0,0,14,0,0
2008,"LaGuanera",6,"Fished","Before",1,0,0,2,1,5,0,0,0,0,0,0,1,1,0,0,1,0,0,0,0,0,0,0,0,6,0,0
2008,"LaGuanera",7,"Fished","Before",0,0,0,0,0,5,0,0,0,0,0,0,3,6,0,0,1,0,0,0,0,0,0,0,0,9,0,0
2008,"LaGuanera",8,"Fished","Before",0,0,0,0,0,8,0,0,0,0,0,0,11,5,0,0,1,0,0,0,0,0,0,0,0,20,0,0
2008,"LaGuanera",9,"Fished","Before",0,0,0,0,0,10,0,0,0,0,0,0,0,6,0,0,2,0,0,0,0,0,0,0,0,4,0,0
2008,"LaGuanera",10,"Fished","Before",0,0,35,1,0,3,1,8,0,0,0,0,0,13,0,0,1,0,0,0,0,0,0,0,0,16,0,0
2008,"LaGuanera",11,"Fished","Before",0,0,20,0,0,7,0,0,0,0,0,0,0,9,0,0,1,0,0,0,0,0,0,0,0,5,0,0
2008,"LaGuanera",12,"Fished","Before",0,0,16,3,6,12,0,2,0,0,0,0,0,5,0,0,1,0,0,0,0,0,0,0,0,2,0,0
2008,"LaGuanera",13,"Fished","Before",0,0,10,3,0,2,0,4,0,0,0,0,0,1,0,0,1,0,0,0,0,0,0,0,0,0,0,0
2008,"LaGuanera",14,"Fished","Before",0,0,0,0,0,0,0,4,0,0,0,0,0,3,0,0,1,0,0,0,0,0,0,0,0,1,0,0
2008,"LaGuanera",15,"Fished","Before",3,0,0,2,1,16,0,0,0,0,0,0,2,2,0,0,1,0,0,0,0,0,0,0,0,1,0,0
2008,"LaGuanera",16,"Fished","Before",0,0,0,0,0,10,0,1,0,0,0,0,0,4,0,0,2,0,0,0,0,0,0,0,0,3,0,0
2008,"LaGuanera",17,"Fished","Before",30,0,0,0,0,1,0,4,0,0,0,0,5,4,0,0,1,0,0,0,0,0,0,0,0,8,0,0
2008,"LaGuanera",18,"Fished","Before",0,0,0,0,0,5,2,15,0,0,0,0,2,0,0,0,1,0,0,0,0,0,0,0,0,7,0,0
2008,"LaGuanera",19,"Fished","Before",23,0,10,0,0,5,0,4,0,0,0,0,12,31,0,0,1,0,0,0,0,0,0,0,0,6,0,0
2008,"LaGuanera",20,"Fished","Before",42,0,0,0,2,2,0,5,0,0,0,0,0,0,0,0,1,0,0,0,0,0,0,0,0,3,0,0
2008,"LaGuanera",21,"Fished","Before",0,0,11,0,20,6,2,3,0,0,0,0,0,6,0,0,2,0,0,0,0,0,0,0,0,2,0,0
2009,"LaGuanera",1,"Fished","After",0,0,0,0,0,1,0,0,0,0,0,0,0,4,0,0,1,0,0,0,0,0,0,0,0,6,0,0
2009,"LaGuanera",2,"Fished","After",0,0,1,1,0,16,0,0,0,0,0,0,1,5,2,0,1,0,0,0,0,0,0,0,0,1,0,0
2009,"LaGuanera",3,"Fished","After",0,0,31,0,1,4,0,3,0,0,0,0,3,0,0,0,1,0,0,0,0,0,0,0,0,14,0,0
2009,"LaGuanera",4,"Fished","After",0,0,0,4,6,38,0,0,0,0,0,0,10,12,0,0,1,0,0,0,0,0,0,0,0,2,0,0
2009,"LaGuanera",5,"Fished","After",0,0,15,0,0,19,0,0,0,0,0,0,0,6,0,0,1,0,0,0,0,0,0,0,0,13,0,0
2009,"LaGuanera",6,"Fished","After",0,0,22,2,0,43,0,3,0,0,0,1,7,10,0,0,1,0,0,0,0,0,0,0,0,3,0,0
2009,"LaGuanera",7,"Fished","After",0,0,0,0,0,6,0,0,0,0,0,0,0,5,0,0,2,0,0,0,0,0,0,0,0,3,0,0
2009,"LaGuanera",8,"Fished","After",1,0,3,0,1,13,0,1,0,0,0,0,0,19,0,0,1,0,0,0,0,0,0,0,0,1,0,0
2009,"LaGuanera",9,"Fished","After",2,0,2,0,0,0,0,0,0,0,0,0,1,8,0,0,1,0,0,0,0,0,0,0,0,9,0,0
2009,"LaGuanera",10,"Fished","After",2,0,8,1,1,15,0,10,0,0,0,0,2,10,0,0,1,0,0,0,0,0,0,0,0,4,0,0
2009,"LaGuanera",11,"Fished","After",0,0,15,0,0,0,0,1,0,0,0,0,0,7,0,0,1,0,0,0,0,0,0,0,0,5,0,0
2009,"LaGuanera",12,"Fished","After",0,0,10,2,0,67,0,0,0,0,0,0,19,16,0,0,2,0,0,0,0,0,0,0,0,2,0,0
2009,"LaGuanera",13,"Fished","After",0,0,21,0,8,3,0,0,0,0,0,0,0,3,0,0,1,0,0,0,0,0,0,0,0,6,0,0
2009,"LaGuanera",14,"Fished","After",0,0,2,0,0,1,0,0,0,0,0,0,0,20,0,0,1,0,0,0,0,0,0,0,0,2,0,0
2009,"LaGuanera",15,"Fished","After",0,0,4,0,0,0,0,3,0,0,0,0,0,1,0,0,1,0,0,0,0,0,0,0,1,3,0,0
2009,"LaGuanera",16,"Fished","After",2,0,1,0,0,0,1,3,0,0,0,0,0,6,0,0,1,0,0,0,0,0,0,0,0,5,0,0
2009,"LaGuanera",17,"Fished","After",1,0,65,0,0,20,0,2,0,0,0,0,0,5,0,0,1,0,0,0,0,0,0,0,0,4,0,0
2009,"LaGuanera",18,"Fished","After",0,0,18,2,0,9,0,7,0,0,0,0,0,7,0,0,1,0,0,0,0,0,0,0,0,4,0,0
2009,"LaGuanera",19,"Fished","After",1,0,0,0,0,0,2,1,0,0,0,0,0,9,0,0,2,0,0,0,0,0,0,0,0,0,0,0
2009,"LaGuanera",20,"Fished","After",0,0,5,0,0,0,0,1,0,0,0,0,0,3,0,0,1,0,0,0,0,0,0,0,0,3,0,0
2009,"LaGuanera",21,"Fished","After",1,0,33,0,0,0,1,6,0,0,0,0,0,6,0,0,1,0,0,0,0,0,0,0,0,1,0,0
2009,"LaGuanera",22,"Fished","After",8,0,46,0,7,27,0,8,0,0,0,0,3,6,0,0,1,0,0,0,0,0,0,0,0,13,0,0
2009,"LaGuanera",23,"Fished","After",1,0,10,1,0,20,3,1,0,0,0,0,0,23,1,0,1,0,0,0,0,0,0,0,0,12,0,0
2010,"LaGuanera",1,"Fished","After",0,0,0,0,0,14,0,9,0,0,0,0,0,4,0,0,2,0,0,0,0,0,0,0,0,0,0,0
2010,"LaGuanera",2,"Fished","After",30,0,8,0,28,8,0,7,0,0,0,0,0,16,0,0,1,0,0,0,0,0,0,0,0,7,0,0
2010,"LaGuanera",3,"Fished","After",2,0,0,0,0,20,0,5,0,0,0,0,0,17,0,0,1,0,0,0,0,0,0,0,0,8,0,0
2010,"LaGuanera",4,"Fished","After",1,0,4,0,0,22,0,9,0,0,0,0,8,67,0,0,1,0,0,0,0,0,0,0,0,18,0,0
2010,"LaGuanera",5,"Fished","After",14,1,0,1,6,11,0,8,0,0,0,0,1,12,1,0,1,0,0,0,0,0,0,0,0,9,0,0
2010,"LaGuanera",6,"Fished","After",3,0,0,0,0,8,0,0,0,0,0,0,0,9,0,0,1,0,0,0,0,0,0,0,0,6,0,0
2010,"LaGuanera",7,"Fished","After",0,0,14,0,0,13,0,5,0,0,0,0,0,11,0,0,1,0,0,0,0,0,0,0,0,5,0,0
2010,"LaGuanera",8,"Fished","After",0,0,4,3,0,23,1,0,0,0,0,0,0,3,0,0,2,0,0,0,0,0,0,0,0,3,0,0
2010,"LaGuanera",9,"Fished","After",0,0,13,0,0,7,0,4,0,0,0,0,0,11,0,0,1,0,0,0,0,0,0,0,0,1,0,0
2010,"LaGuanera",10,"Fished","After",0,0,15,0,0,0,0,1,0,0,0,0,0,4,0,0,1,0,0,0,0,0,0,0,0,3,0,0
2010,"LaGuanera",11,"Fished","After",0,0,25,0,0,0,0,2,0,0,0,0,0,19,0,0,1,0,0,0,0,0,0,0,0,2,0,0
2010,"LaGuanera",12,"Fished","After",0,0,3,7,0,7,0,0,0,0,0,0,0,13,0,0,1,0,0,0,0,0,0,0,0,8,0,0
2010,"LaGuanera",13,"Fished","After",3,0,0,0,0,24,0,0,0,0,0,0,0,14,0,0,2,0,0,0,0,0,0,0,0,10,0,0
2010,"LaGuanera",14,"Fished","After",0,6,35,0,0,34,0,3,0,0,0,0,2,23,0,0,1,0,0,0,0,0,0,0,0,16,0,0
2010,"LaGuanera",15,"Fished","After",20,5,20,5,3,51,0,3,0,0,0,0,14,36,0,0,1,0,0,0,0,0,0,0,0,25,0,0
2010,"LaGuanera",16,"Fished","After",7,0,6,1,0,1,0,6,0,0,0,0,0,13,0,0,1,0,0,0,0,0,0,0,0,7,0,0
2010,"LaGuanera",17,"Fished","After",2,1,8,3,1,14,1,14,0,0,0,0,8,20,0,0,1,0,0,0,0,0,0,0,0,11,0,0
2010,"LaGuanera",18,"Fished","After",0,0,24,0,2,9,0,0,0,0,0,0,0,6,0,0,1,0,0,0,0,0,0,0,0,7,0,0
2010,"LaGuanera",19,"Fished","After",0,0,0,0,0,0,0,1,0,0,0,0,0,7,0,0,1,0,0,0,0,0,0,0,0,8,0,0
2010,"LaGuanera",20,"Fished","After",1,0,32,0,3,17,0,2,0,0,0,0,30,7,0,0,2,0,0,0,0,0,0,0,0,1,0,0
2010,"LaGuanera",21,"Fished","After",0,0,26,0,0,19,0,1,0,0,0,0,0,26,0,0,1,0,0,0,0,0,0,0,0,8,0,0
2010,"LaGuanera",22,"Fished","After",22,0,0,1,0,25,0,0,0,0,0,0,0,4,0,0,1,0,0,0,0,0,0,0,0,2,0,0
2010,"LaGuanera",23,"Fished","After",2,0,30,0,0,13,0,3,0,0,0,0,0,6,0,0,1,0,0,0,0,0,0,0,0,5,0,0
2011,"LaGuanera",1,"Fished","After",0,0,0,0,0,0,0,0,0,0,0,0,2,0,0,0,1,0,0,0,0,0,0,0,0,1,0,0
2011,"LaGuanera",2,"Fished","After",0,0,0,0,0,0,0,0,0,0,0,0,5,10,0,0,2,0,0,0,0,0,0,0,0,5,0,0
2011,"LaGuanera",3,"Fished","After",0,0,0,0,0,0,0,0,0,0,0,0,0,0,0,0,1,0,0,0,0,0,0,0,0,0,0,0
2011,"LaGuanera",4,"Fished","After",0,0,0,0,0,0,0,0,0,0,0,0,0,9,0,0,1,0,0,0,0,0,0,0,0,1,0,0
2011,"LaGuanera",5,"Fished","After",0,0,0,1,0,0,0,0,0,0,0,0,0,0,0,0,1,0,0,0,0,0,0,0,0,6,0,0
2011,"LaGuanera",6,"Fished","After",0,0,0,0,0,6,0,5,0,0,0,0,0,13,0,0,1,0,0,0,0,0,0,0,0,8,0,0
2011,"LaGuanera",7,"Fished","After",0,0,0,0,0,5,1,0,0,0,0,0,2,23,0,0,1,0,0,0,0,0,0,0,0,2,0,0
2011,"LaGuanera",8,"Fished","After",0,0,0,1,2,0,0,4,0,0,0,0,0,11,0,0,1,0,0,0,0,0,0,0,0,6,0,0
2011,"LaGuanera",9,"Fished","After",0,0,0,0,0,2,0,0,0,0,0,0,0,19,0,0,2,0,0,0,0,0,0,0,0,9,0,0
2011,"LaGuanera",10,"Fished","After",0,1,0,0,0,1,0,0,0,0,0,0,0,16,0,0,1,0,0,0,0,0,0,0,0,12,0,0
2011,"LaGuanera",11,"Fished","After",0,0,0,0,0,0,0,0,0,0,0,0,0,7,0,0,1,1,0,0,0,0,0,0,0,2,0,0
2011,"LaGuanera",12,"Fished","After",0,0,12,0,0,5,0,2,0,0,0,0,0,10,0,0,1,0,0,0,0,0,0,0,0,3,0,0
2011,"LaGuanera",13,"Fished","After",0,0,0,0,0,0,0,0,0,0,0,0,0,6,0,0,1,1,0,0,0,0,0,0,0,4,0,0
2011,"LaGuanera",14,"Fished","After",0,0,10,0,0,2,0,0,0,0,0,0,0,8,0,0,2,0,0,0,0,0,0,0,0,5,0,0
2011,"LaGuanera",15,"Fished","After",0,0,0,0,0,0,0,3,0,0,0,0,0,24,0,0,1,0,0,0,0,0,0,0,0,16,0,0
2011,"LaGuanera",16,"Fished","After",0,0,4,0,0,6,0,3,0,0,0,0,4,13,0,0,1,0,0,0,0,0,0,0,0,11,0,0
2011,"LaGuanera",17,"Fished","After",0,0,0,0,0,12,0,0,0,0,0,0,0,9,0,0,1,0,0,0,0,0,0,0,0,13,0,0
2011,"LaGuanera",18,"Fished","After",0,0,10,0,0,2,0,1,0,0,0,0,0,5,0,0,1,0,0,0,0,0,0,0,0,4,0,0
2011,"LaGuanera",19,"Fished","After",0,0,0,0,0,6,0,0,0,0,0,0,0,7,0,0,1,0,0,0,0,0,0,0,0,10,0,0
2011,"LaGuanera",20,"Fished","After",0,0,0,0,1,10,0,2,0,0,0,0,0,23,0,0,1,0,0,0,0,0,0,0,0,10,0,0
2011,"LaGuanera",21,"Fished","After",0,0,10,0,0,0,0,1,0,0,0,0,0,24,0,0,2,0,0,0,0,0,0,0,0,19,0,0
2011,"LaGuanera",22,"Fished","After",0,0,17,0,0,2,0,1,0,0,0,0,0,35,0,0,1,0,0,0,0,0,0,0,0,5,0,0
2011,"LaGuanera",23,"Fished","After",0,0,0,0,0,7,0,8,0,0,0,0,0,23,0,0,1,0,0,0,0,0,0,0,0,4,0,0
2011,"LaGuanera",24,"Fished","After",0,0,45,0,0,0,0,4,0,0,0,0,0,27,0,0,1,0,0,0,0,0,0,0,0,12,0,0
2011,"LaGuanera",25,"Fished","After",0,0,0,0,0,0,0,0,0,0,0,0,0,17,0,0,1,0,0,0,0,0,0,0,0,4,0,0
2011,"LaGuanera",26,"Fished","After",0,0,1,0,0,11,0,0,0,0,0,0,0,20,0,0,2,0,0,0,0,0,0,0,0,1,0,0
2012,"LaGuanera",1,"Fished","After",0,0,41,0,0,4,0,0,0,0,0,0,0,15,0,0,1,0,0,0,0,0,0,0,0,12,0,0
2012,"LaGuanera",2,"Fished","After",0,0,14,0,0,15,0,1,0,0,0,0,0,12,0,0,1,0,0,0,0,0,0,0,0,12,0,0
2012,"LaGuanera",3,"Fished","After",8,0,4,0,0,4,0,4,0,0,0,0,0,31,0,0,1,0,0,0,0,0,0,0,0,7,0,0
2012,"LaGuanera",4,"Fished","After",3,0,26,0,0,13,0,6,0,0,0,0,0,20,0,0,1,0,0,0,0,0,0,0,0,14,0,0
2012,"LaGuanera",5,"Fished","After",0,0,29,0,5,0,0,1,0,0,0,0,0,5,0,0,1,0,0,0,0,0,0,0,0,6,0,0
2012,"LaGuanera",6,"Fished","After",1,0,2,0,0,1,0,1,0,0,0,0,0,8,0,0,1,0,0,0,0,0,0,0,0,9,0,0
2012,"LaGuanera",7,"Fished","After",0,0,20,0,0,0,0,2,0,0,0,0,0,14,0,0,2,0,0,0,0,0,0,0,0,9,0,0
2012,"LaGuanera",8,"Fished","After",0,0,0,0,0,6,0,0,0,0,0,0,0,8,0,0,1,0,0,0,0,0,0,0,0,21,0,0
2012,"LaGuanera",9,"Fished","After",0,0,0,5,0,6,0,0,0,0,0,0,16,5,0,0,1,0,0,0,0,0,0,0,0,6,0,0
2012,"LaGuanera",10,"Fished","After",0,0,6,0,0,11,0,0,0,0,0,0,2,14,0,0,1,0,0,0,0,0,0,0,0,4,0,0
2012,"LaGuanera",11,"Fished","After",0,0,11,0,0,1,0,0,0,0,0,0,0,5,0,0,1,0,0,0,0,0,0,0,0,1,0,0
2012,"LaGuanera",12,"Fished","After",1,0,32,0,0,13,0,1,0,0,0,0,0,9,0,0,2,0,0,0,0,0,0,0,0,14,0,0
2012,"LaGuanera",13,"Fished","After",0,0,12,0,1,18,0,0,0,0,0,0,0,4,0,0,1,0,0,0,0,0,0,0,0,13,0,0
2012,"LaGuanera",14,"Fished","After",4,0,11,0,0,1,0,0,0,0,0,0,0,8,0,0,1,0,0,0,0,0,0,0,0,16,0,0
2012,"LaGuanera",15,"Fished","After",0,0,22,0,0,3,0,1,0,0,0,0,0,5,0,0,1,0,0,0,0,0,0,0,0,16,0,0
2012,"LaGuanera",16,"Fished","After",1,0,0,0,0,0,0,0,0,0,0,0,0,7,0,0,1,0,0,0,0,0,0,0,0,21,0,0
2012,"LaGuanera",17,"Fished","After",1,0,0,0,0,13,0,0,0,0,0,0,0,16,0,0,1,0,0,0,0,0,0,0,0,8,0,0
2012,"LaGuanera",18,"Fished","After",0,0,0,0,0,6,0,2,0,0,0,0,4,6,0,0,1,0,0,0,0,0,0,0,0,7,0,0
2012,"LaGuanera",19,"Fished","After",0,0,0,0,0,0,0,0,0,0,0,0,0,10,0,0,2,0,0,0,0,0,0,0,0,5,0,0
2012,"LaGuanera",20,"Fished","After",0,0,2,0,0,0,0,0,0,0,0,0,0,5,0,0,1,0,0,0,0,0,0,0,0,5,0,0
2012,"LaGuanera",21,"Fished","After",2,0,5,0,0,3,0,0,0,0,0,0,1,18,0,0,1,0,0,0,0,0,0,0,0,15,0,0
2012,"LaGuanera",22,"Fished","After",0,0,0,0,0,0,0,0,0,0,0,0,0,7,0,0,1,0,0,0,0,0,0,0,0,0,0,0
2012,"LaGuanera",23,"Fished","After",0,0,0,0,0,1,0,0,0,0,0,0,0,2,0,0,1,0,0,0,0,0,0,0,0,5,0,0
2012,"LaGuanera",24,"Fished","After",0,0,0,0,0,3,0,0,0,0,0,0,10,2,0,0,2,0,0,0,0,0,0,0,0,8,0,0
2013,"LaGuanera",1,"Fished","After",1,0,1,0,3,1,0,4,0,0,0,0,0,13,0,0,1,0,0,0,0,0,0,0,0,5,0,0
2013,"LaGuanera",2,"Fished","After",4,0,15,0,2,9,0,2,0,0,0,0,0,10,0,0,1,0,0,0,0,0,0,0,0,8,0,0
2013,"LaGuanera",3,"Fished","After",50,0,5,0,0,10,0,2,0,0,0,0,0,7,0,0,1,1,0,0,0,0,0,0,0,8,0,0
2013,"LaGuanera",4,"Fished","After",0,0,34,0,9,18,0,7,0,0,0,0,15,23,0,0,1,0,0,0,0,0,0,0,0,26,0,0
2013,"LaGuanera",5,"Fished","After",2,0,4,0,0,18,0,1,0,0,0,0,7,27,0,0,1,0,0,0,0,0,0,0,0,26,0,0
2013,"LaGuanera",6,"Fished","After",0,0,0,0,0,21,0,0,0,0,0,0,0,20,0,0,1,0,0,0,0,0,0,0,0,4,0,0
2013,"LaGuanera",7,"Fished","After",1,0,5,0,0,2,0,2,0,0,0,0,1,12,0,0,2,0,0,0,0,0,0,0,0,8,0,0
2013,"LaGuanera",8,"Fished","After",0,0,0,0,0,0,0,1,0,0,0,0,0,8,0,3,1,0,0,0,0,0,0,0,0,12,0,0
2013,"LaGuanera",9,"Fished","After",0,0,10,0,0,7,0,5,0,0,0,0,0,2,0,8,1,0,0,0,0,0,0,0,1,17,0,0
2013,"LaGuanera",10,"Fished","After",0,0,18,0,6,19,0,6,0,0,0,0,0,12,0,0,1,0,0,0,0,0,0,0,0,7,0,0
2013,"LaGuanera",11,"Fished","After",0,0,14,0,0,10,0,1,0,0,0,0,0,6,0,0,1,0,0,0,0,0,0,0,0,12,0,0
2013,"LaGuanera",12,"Fished","After",0,1,0,0,0,0,0,0,0,0,0,0,0,21,0,0,2,0,0,0,0,0,0,0,0,12,0,0
2013,"LaGuanera",13,"Fished","After",3,1,7,0,7,29,0,4,0,0,0,0,0,18,0,0,1,0,0,0,0,0,0,0,0,5,0,0
2013,"LaGuanera",14,"Fished","After",2,0,5,0,0,2,0,1,0,0,0,0,0,4,0,0,1,0,0,0,0,0,0,0,0,4,0,0
2013,"LaGuanera",15,"Fished","After",0,0,4,0,0,5,0,3,0,0,0,0,0,9,0,0,1,0,0,0,0,0,0,0,0,3,0,0
2013,"LaGuanera",16,"Fished","After",0,0,5,0,0,4,0,4,0,0,0,0,0,5,2,0,1,0,0,0,0,0,0,0,0,15,0,0
2013,"LaGuanera",17,"Fished","After",16,0,7,0,0,24,0,2,0,0,0,0,22,22,0,0,1,0,0,0,0,0,0,0,0,15,0,0
2013,"LaGuanera",18,"Fished","After",1,0,0,0,0,20,0,0,0,0,0,0,0,11,0,0,1,0,0,0,0,0,0,0,0,6,0,0
2013,"LaGuanera",19,"Fished","After",7,0,9,0,15,9,0,6,0,0,0,0,0,16,1,0,2,0,0,0,0,0,0,0,0,13,0,0
2013,"LaGuanera",20,"Fished","After",1,0,15,0,0,0,0,1,0,0,0,0,0,18,0,0,1,0,0,0,0,0,0,0,0,6,0,0
2014,"LaGuanera",1,"Fished","After",3,0,5,3,0,2,0,2,0,0,0,0,0,7,0,0,1,0,0,0,0,0,0,0,0,4,0,0
2014,"LaGuanera",2,"Fished","After",0,0,0,11,0,36,0,0,0,0,0,0,0,15,0,0,1,0,0,0,0,0,0,0,0,9,0,0
2014,"LaGuanera",3,"Fished","After",0,0,0,0,0,2,0,0,0,0,0,0,28,1,1,0,1,0,0,0,0,0,0,0,0,2,0,0
2014,"LaGuanera",4,"Fished","After",0,0,0,0,0,25,0,1,0,0,0,0,0,1,0,0,2,0,0,0,0,0,0,0,0,3,0,0
2014,"LaGuanera",5,"Fished","After",0,0,4,0,0,12,0,0,0,0,0,0,0,3,0,0,1,0,0,0,0,0,0,0,0,6,0,0
2014,"LaGuanera",6,"Fished","After",0,0,12,0,5,2,0,0,0,0,0,0,0,12,0,0,1,0,0,0,0,0,0,0,0,32,0,0
2014,"LaGuanera",7,"Fished","After",0,0,0,0,0,2,1,0,0,0,0,0,0,3,0,0,1,0,0,0,0,0,0,0,0,2,0,0
2014,"LaGuanera",8,"Fished","After",0,0,0,0,0,34,0,2,0,0,0,0,0,11,0,0,1,1,0,0,0,0,0,0,0,14,0,0
2014,"LaGuanera",9,"Fished","After",4,0,20,2,0,3,0,3,0,0,0,0,0,8,0,0,1,0,0,0,0,0,0,0,0,4,0,0
2014,"LaGuanera",10,"Fished","After",0,0,33,0,0,1,0,5,0,0,0,0,0,6,0,0,1,0,0,0,0,0,0,0,0,6,0,0
2014,"LaGuanera",11,"Fished","After",0,0,4,0,0,6,0,19,0,0,0,0,0,25,2,0,2,0,0,0,0,0,0,0,0,4,0,0
2014,"LaGuanera",12,"Fished","After",0,0,0,0,0,5,0,3,0,0,0,0,0,10,0,0,1,0,0,0,0,0,0,0,0,7,0,0
2014,"LaGuanera",13,"Fished","After",0,0,4,0,0,6,0,19,0,0,0,0,1,6,2,0,1,0,0,0,0,0,0,0,0,4,0,0
2014,"LaGuanera",14,"Fished","After",0,0,3,0,4,8,0,2,0,0,0,0,0,13,0,0,1,0,0,0,0,0,0,0,0,9,0,0
2014,"LaGuanera",15,"Fished","After",2,0,0,0,0,5,0,1,0,0,0,0,0,1,0,0,1,0,0,0,0,0,0,0,0,5,0,0
2014,"LaGuanera",16,"Fished","After",0,0,0,6,0,15,0,0,0,0,0,0,0,11,0,0,2,0,0,0,0,0,0,0,0,6,0,0
2014,"LaGuanera",17,"Fished","After",0,0,11,0,0,5,0,5,0,0,0,0,0,8,0,0,1,0,0,0,0,0,0,0,0,3,0,0
2014,"LaGuanera",18,"Fished","After",0,0,1,1,0,7,0,5,0,0,0,0,0,10,0,0,1,0,0,0,0,0,0,0,0,6,0,0
2014,"LaGuanera",19,"Fished","After",0,0,11,6,0,2,0,3,0,0,0,0,1,13,0,0,1,0,0,0,0,0,0,0,0,6,0,0
2014,"LaGuanera",20,"Fished","After",0,0,0,1,0,5,0,2,0,0,0,0,0,7,0,0,1,0,0,0,0,0,0,0,0,9,0,0
2013,"Reventadora",1,"Fished","After",0,0,0,0,0,0,0,0,0,0,0,0,0,2,0,0,1,0,0,0,0,0,0,0,0,1,0,0
2013,"Reventadora",2,"Fished","After",0,0,5,0,1,6,0,4,0,0,0,0,0,3,0,0,1,0,0,0,0,0,0,0,0,2,0,0
2013,"Reventadora",3,"Fished","After",0,0,20,0,0,6,0,0,0,0,0,0,0,16,0,0,2,0,0,0,0,0,0,0,0,5,0,0
2013,"Reventadora",4,"Fished","After",0,0,15,0,7,19,0,4,0,0,0,0,0,16,0,0,1,0,0,0,0,0,0,0,0,16,0,0
2013,"Reventadora",5,"Fished","After",0,0,15,0,0,22,0,0,0,0,0,0,0,2,0,0,1,0,0,0,0,0,0,0,0,1,0,0
2013,"Reventadora",6,"Fished","After",0,0,4,0,0,0,0,3,0,0,0,0,0,27,0,0,1,0,0,0,0,0,0,0,0,5,0,0
2013,"Reventadora",7,"Fished","After",0,0,13,0,0,16,0,1,0,0,0,0,6,19,0,0,1,0,0,0,0,0,0,0,0,21,0,0
2013,"Reventadora",8,"Fished","After",0,0,0,0,0,0,0,0,0,0,0,0,0,41,0,0,2,0,0,0,0,0,0,0,0,18,0,0
2013,"Reventadora",9,"Fished","After",0,0,0,0,2,10,0,0,0,0,0,0,0,5,0,0,1,0,0,0,0,0,0,0,0,3,0,0
2013,"Reventadora",10,"Fished","After",0,0,0,0,0,4,0,0,0,0,0,0,0,10,0,0,1,0,0,0,0,0,0,0,0,11,0,0
2013,"Reventadora",11,"Fished","After",0,0,0,0,0,8,0,0,0,0,0,0,10,7,5,0,1,0,0,0,0,0,0,0,0,4,0,0
2013,"Reventadora",12,"Fished","After",0,0,0,0,0,0,0,0,0,0,0,0,7,6,0,0,1,0,0,0,0,0,0,0,0,0,0,0
2013,"Reventadora",13,"Fished","After",0,0,0,0,0,0,0,0,0,0,0,0,0,4,0,0,1,0,0,0,0,0,0,0,0,8,0,0
2013,"Reventadora",14,"Fished","After",0,0,0,0,0,7,0,0,0,0,0,0,0,5,0,0,1,0,0,0,0,0,0,0,0,2,0,0
2013,"Reventadora",15,"Fished","After",0,0,0,0,0,0,0,0,0,0,0,0,0,10,0,0,2,0,0,0,0,0,0,0,0,7,0,0
2013,"Reventadora",16,"Fished","After",9,0,8,0,0,15,0,1,0,0,0,0,5,26,0,0,1,0,0,0,0,0,0,0,0,16,0,0
2013,"Reventadora",17,"Fished","After",0,0,0,0,0,0,0,0,0,0,0,0,0,7,0,0,1,0,0,0,0,0,0,0,0,0,0,0
2013,"Reventadora",18,"Fished","After",0,0,0,0,0,2,0,2,0,0,0,0,0,13,6,0,1,0,0,0,0,0,0,0,0,13,0,0
2013,"Reventadora",19,"Fished","After",0,0,0,0,0,0,0,3,0,0,0,0,0,17,0,1,1,0,0,0,0,0,0,0,0,13,0,0
2013,"Reventadora",20,"Fished","After",0,0,0,0,0,5,0,0,0,0,0,0,23,11,0,0,2,0,0,0,0,0,0,0,0,11,0,1
2006,"LaPlana",1,"Reserve","Before",0,0,15,0,0,10,0,4,0,0,0,0,2,1,0,0,1,0,0,0,0,0,0,0,0,3,0,0
2006,"LaPlana",2,"Reserve","Before",1,0,4,0,2,6,0,2,0,0,0,0,0,5,0,0,1,0,0,0,0,0,0,0,0,1,0,0
2006,"LaPlana",3,"Reserve","Before",0,1,9,0,0,4,0,2,0,0,0,0,3,3,0,0,1,0,0,0,0,0,0,0,0,7,0,0
2006,"LaPlana",4,"Reserve","Before",19,0,5,0,0,9,0,6,0,0,0,0,0,13,0,0,1,0,0,0,0,0,0,0,0,4,0,0
2006,"LaPlana",5,"Reserve","Before",0,0,0,0,0,14,0,1,0,0,0,0,2,3,0,0,1,0,0,0,0,0,0,0,0,3,0,0
2006,"LaPlana",6,"Reserve","Before",0,0,0,0,0,0,1,1,0,0,0,0,1,3,0,0,1,0,0,0,0,0,0,0,0,0,0,0
2006,"LaPlana",7,"Reserve","Before",0,0,12,0,0,15,0,6,0,0,0,0,0,3,0,0,2,0,0,0,0,0,0,0,0,2,0,0
2006,"LaPlana",8,"Reserve","Before",0,0,0,0,15,6,0,1,0,0,0,0,8,5,0,0,1,0,0,0,0,0,0,0,0,0,0,0
2006,"LaPlana",9,"Reserve","Before",0,0,0,0,5,13,0,1,0,0,0,0,2,3,0,0,1,0,0,0,0,0,0,0,0,2,0,0
2006,"LaPlana",10,"Reserve","Before",0,0,14,0,0,4,0,4,0,0,0,0,0,0,0,0,1,0,0,0,0,0,0,0,0,4,0,0
2006,"LaPlana",11,"Reserve","Before",0,0,16,0,0,7,0,6,0,0,0,0,0,7,0,0,1,0,0,0,0,0,0,0,0,17,0,0
2006,"LaPlana",12,"Reserve","Before",0,0,0,0,5,7,0,1,0,0,0,0,0,5,0,0,2,0,0,0,0,0,0,0,0,0,0,0
2006,"LaPlana",13,"Reserve","Before",2,0,6,0,9,1,0,5,0,0,0,0,0,7,0,0,1,0,0,0,0,0,0,0,0,7,0,0
2006,"LaPlana",14,"Reserve","Before",0,0,0,0,0,1,0,11,0,0,0,0,1,0,0,0,1,0,0,0,0,0,0,0,0,1,0,0
2006,"LaPlana",15,"Reserve","Before",0,0,0,0,2,0,0,1,0,0,0,0,0,2,1,0,1,0,0,0,0,0,0,0,0,0,0,0
2006,"LaPlana",16,"Reserve","Before",0,0,0,0,0,0,0,0,0,0,0,0,0,3,0,0,1,0,0,0,0,0,0,0,0,1,0,0
2006,"LaPlana",17,"Reserve","Before",0,0,2,0,0,2,0,3,0,0,0,0,0,0,0,0,1,0,0,0,0,0,0,0,0,11,0,0
2006,"LaPlana",18,"Reserve","Before",0,0,0,0,3,49,0,2,0,0,0,0,2,0,0,0,1,0,0,0,0,0,0,0,0,0,0,0
2006,"LaPlana",19,"Reserve","Before",0,0,0,0,4,21,0,0,0,0,0,0,4,0,0,0,2,0,0,0,0,0,0,0,0,5,0,0
2006,"LaPlana",20,"Reserve","Before",0,0,0,0,0,1,0,0,0,0,0,0,0,2,0,0,1,0,0,0,0,0,0,0,0,1,0,0
2006,"LaPlana",21,"Reserve","Before",0,0,3,0,0,10,0,2,0,0,0,0,0,1,0,0,1,0,0,0,0,0,0,0,0,11,0,0
2006,"LaPlana",22,"Reserve","Before",0,0,2,0,0,10,0,0,0,0,0,0,0,0,0,0,1,0,0,0,0,0,0,0,0,3,0,0
2006,"LaPlana",23,"Reserve","Before",0,0,0,0,0,2,0,0,0,0,0,0,3,1,1,0,1,0,0,0,0,0,0,0,0,1,0,0
2006,"LaPlana",24,"Reserve","Before",0,0,0,0,1,3,2,2,0,0,0,0,3,0,0,0,2,0,0,0,0,0,0,0,0,5,0,0
2006,"LaPlana",25,"Reserve","Before",0,0,0,0,0,4,0,1,0,0,0,0,13,0,0,0,1,0,0,0,0,0,0,0,0,3,0,0
2006,"LaPlana",26,"Reserve","Before",0,0,13,0,0,12,0,2,0,0,0,0,4,1,0,0,1,0,0,0,0,0,0,0,0,4,0,0
2006,"LaPlana",27,"Reserve","Before",0,0,7,0,0,6,0,4,0,0,0,0,4,0,0,0,1,0,0,0,0,0,0,0,0,6,0,0
2006,"LaPlana",28,"Reserve","Before",0,5,6,0,0,0,0,1,0,0,0,0,1,8,0,0,1,0,0,0,0,0,0,0,0,1,0,0
2006,"LaPlana",29,"Reserve","Before",0,0,1,0,3,8,0,0,0,0,0,0,0,4,0,0,1,0,0,0,0,0,0,0,0,3,0,0
2006,"LaPlana",30,"Reserve","Before",0,0,0,0,0,0,0,6,0,0,0,0,0,1,0,0,1,0,0,0,0,0,0,0,0,1,0,0
2006,"LaPlana",31,"Reserve","Before",0,0,0,0,0,1,0,2,0,0,0,0,2,0,0,0,2,0,0,0,0,0,0,0,0,1,0,0
2007,"LaPlana",1,"Reserve","Before",0,1,1,0,0,30,0,0,0,0,0,0,0,7,0,0,1,0,0,0,0,0,0,0,0,13,0,0
2007,"LaPlana",2,"Reserve","Before",2,0,4,0,0,52,0,5,0,0,0,0,1,8,0,0,1,1,0,0,0,0,0,0,0,6,0,0
2007,"LaPlana",3,"Reserve","Before",0,0,0,0,0,5,0,0,0,0,0,0,0,5,0,0,1,0,0,0,0,0,0,0,0,14,0,0
2007,"LaPlana",4,"Reserve","Before",1,0,10,0,0,15,0,0,0,0,0,0,0,10,0,0,1,0,0,0,0,0,0,0,0,7,0,0
2007,"LaPlana",5,"Reserve","Before",0,0,2,0,0,14,0,0,0,0,0,0,0,11,0,0,2,0,0,0,0,0,0,0,0,8,0,0
2007,"LaPlana",6,"Reserve","Before",0,0,4,0,0,3,0,5,0,0,0,0,0,8,0,0,1,0,0,0,0,0,0,0,0,2,0,0
2007,"LaPlana",7,"Reserve","Before",0,0,10,0,0,5,0,0,0,0,0,0,0,0,0,0,1,0,0,0,0,0,0,0,0,1,0,0
2007,"LaPlana",8,"Reserve","Before",0,0,1,0,0,1,0,0,0,0,0,0,0,10,0,0,1,0,0,0,0,0,0,0,0,5,0,0
2007,"LaPlana",9,"Reserve","Before",0,0,2,0,1,12,0,2,0,0,0,0,0,1,0,0,1,0,0,0,0,0,0,0,0,4,0,0
2007,"LaPlana",10,"Reserve","Before",0,0,3,0,6,11,0,2,0,0,0,0,2,7,0,0,1,0,0,0,0,0,0,0,0,5,0,0
2007,"LaPlana",11,"Reserve","Before",0,0,0,0,0,11,0,0,0,0,0,0,0,2,0,0,1,0,0,0,0,0,0,0,0,4,0,0
2007,"LaPlana",12,"Reserve","Before",0,0,22,0,0,4,0,1,0,0,0,0,0,0,0,0,2,0,0,0,0,0,0,0,0,4,0,0
2007,"LaPlana",13,"Reserve","Before",0,0,25,0,0,12,0,2,0,0,0,0,0,8,0,0,1,0,0,0,0,0,0,0,0,8,0,0
2007,"LaPlana",14,"Reserve","Before",0,0,6,0,1,8,0,1,0,0,0,0,2,7,0,0,1,0,0,0,0,0,0,0,0,3,0,0
2007,"LaPlana",15,"Reserve","Before",0,0,0,0,0,6,0,2,0,0,0,0,0,3,0,0,1,0,0,0,0,0,0,0,0,3,0,0
2007,"LaPlana",16,"Reserve","Before",0,0,7,0,0,6,0,3,0,0,0,0,0,4,0,0,1,0,0,0,0,0,0,0,0,5,0,0
2007,"LaPlana",17,"Reserve","Before",0,0,0,0,0,9,1,0,0,0,0,0,1,8,0,0,2,0,0,0,0,0,0,0,0,1,0,0
2007,"LaPlana",18,"Reserve","Before",0,0,0,0,0,25,0,0,0,0,0,0,0,5,0,0,1,0,0,0,0,0,0,0,0,2,0,0
2007,"LaPlana",19,"Reserve","Before",0,0,15,0,2,11,0,2,0,0,0,0,0,8,0,0,1,0,0,0,0,0,0,0,0,8,0,0
2008,"LaPlana",1,"Reserve","Before",0,0,0,0,0,13,0,2,0,0,0,0,0,3,0,0,1,0,0,0,0,0,0,0,0,3,0,0
2008,"LaPlana",2,"Reserve","Before",0,0,0,0,0,2,3,0,0,0,0,0,0,0,0,0,1,0,0,0,0,0,0,0,0,5,0,0
2008,"LaPlana",3,"Reserve","Before",0,0,0,0,0,0,0,1,0,0,0,0,2,6,0,0,1,0,0,0,0,0,0,0,0,4,0,0
2008,"LaPlana",4,"Reserve","Before",0,0,0,0,0,3,0,2,0,0,0,0,3,2,0,0,1,0,0,0,0,0,0,0,0,3,0,0
2008,"LaPlana",5,"Reserve","Before",0,0,3,0,0,8,0,4,0,0,0,0,0,2,0,0,2,0,0,0,0,0,0,0,0,8,0,0
2008,"LaPlana",6,"Reserve","Before",0,0,0,0,0,12,0,2,0,0,0,0,0,0,0,0,1,0,0,0,0,0,0,0,0,4,0,0
2008,"LaPlana",7,"Reserve","Before",0,0,0,0,0,6,0,0,0,0,0,0,0,2,0,0,1,0,0,0,0,0,0,0,0,2,0,0
2008,"LaPlana",8,"Reserve","Before",0,0,0,0,0,0,0,2,0,0,0,0,0,1,0,0,1,0,0,0,0,0,0,0,0,0,0,0
2008,"LaPlana",9,"Reserve","Before",0,0,20,1,6,0,0,8,0,0,0,0,0,13,0,0,1,0,0,0,0,0,0,0,0,17,0,0
2008,"LaPlana",10,"Reserve","Before",0,0,10,0,0,7,0,1,0,0,0,0,16,9,0,0,2,0,0,0,0,0,0,0,0,6,0,0
2008,"LaPlana",11,"Reserve","Before",0,0,0,0,0,0,1,0,0,0,0,0,4,0,0,0,1,0,0,0,0,0,0,0,0,2,0,0
2008,"LaPlana",12,"Reserve","Before",0,0,26,2,2,10,0,4,0,0,0,0,2,8,0,0,1,0,0,0,0,0,0,0,0,8,0,0
2008,"LaPlana",13,"Reserve","Before",0,0,0,0,0,0,0,0,0,0,0,0,0,0,0,0,1,0,0,0,0,0,0,0,0,0,0,0
2008,"LaPlana",14,"Reserve","Before",0,0,15,0,0,0,0,0,0,0,0,0,0,2,0,0,1,0,0,0,0,0,0,0,0,1,0,0
2008,"LaPlana",15,"Reserve","Before",0,0,2,2,3,7,0,1,0,0,0,0,2,5,0,0,1,0,0,0,0,0,0,0,0,2,0,0
2008,"LaPlana",16,"Reserve","Before",0,0,0,1,0,3,1,0,0,0,0,0,7,6,0,0,1,0,0,0,0,0,0,0,0,1,0,0
2008,"LaPlana",17,"Reserve","Before",0,0,0,1,0,6,1,1,0,0,0,0,5,9,0,0,2,0,0,0,0,0,0,0,0,1,0,0
2008,"LaPlana",18,"Reserve","Before",24,0,14,0,0,12,0,3,0,0,0,0,6,22,0,0,1,0,0,0,0,0,0,0,0,7,0,0
2008,"LaPlana",19,"Reserve","Before",1,0,0,0,0,15,0,0,0,0,0,0,0,8,0,0,1,0,0,0,0,0,0,0,0,1,0,0
2009,"LaPlana",1,"Reserve","After",0,0,1,0,0,3,0,0,0,0,0,0,0,2,0,0,1,0,0,0,0,0,0,0,0,4,0,0
2009,"LaPlana",2,"Reserve","After",0,0,0,0,0,9,0,0,0,0,0,0,0,7,0,0,1,0,0,0,0,0,0,0,0,0,0,0
2009,"LaPlana",3,"Reserve","After",0,0,0,0,0,2,0,0,0,0,0,0,7,8,5,0,2,0,0,0,0,0,0,0,0,29,0,0
2009,"LaPlana",4,"Reserve","After",3,0,0,4,2,8,1,0,0,0,0,0,6,11,0,0,1,0,0,0,0,0,0,0,0,3,0,0
2009,"LaPlana",5,"Reserve","After",0,0,0,0,0,20,0,0,0,0,0,0,0,4,0,0,1,0,0,0,0,0,0,0,0,0,0,0
2009,"LaPlana",6,"Reserve","After",0,0,21,0,0,11,0,3,0,0,0,0,0,4,0,0,1,0,0,0,0,0,0,0,0,14,0,0
2009,"LaPlana",7,"Reserve","After",0,0,0,0,0,5,0,0,0,0,0,0,0,7,0,0,1,0,0,0,0,0,0,0,0,4,0,0
2009,"LaPlana",8,"Reserve","After",0,0,0,0,0,2,0,0,0,0,0,0,0,3,0,0,1,0,0,0,0,0,0,0,0,2,0,0
2009,"LaPlana",9,"Reserve","After",0,0,18,0,0,6,0,10,0,0,0,0,0,9,0,0,1,0,0,0,0,0,0,0,0,21,0,0
2009,"LaPlana",10,"Reserve","After",0,0,4,0,0,13,0,0,0,0,0,0,0,14,4,0,2,0,0,0,0,0,0,0,0,15,0,0
2009,"LaPlana",11,"Reserve","After",0,0,0,0,0,0,0,0,0,0,0,0,1,25,0,0,1,0,0,0,0,0,0,0,0,13,0,0
2009,"LaPlana",12,"Reserve","After",0,0,0,0,0,0,1,3,0,0,0,0,1,6,0,0,1,0,0,0,0,0,0,0,0,10,0,0
2009,"LaPlana",13,"Reserve","After",0,0,0,0,0,1,0,0,0,0,0,0,0,0,1,0,1,0,0,0,0,0,0,0,0,1,0,0
2009,"LaPlana",14,"Reserve","After",0,0,2,0,0,2,0,0,0,0,0,0,0,1,0,0,1,0,0,0,0,0,0,0,0,6,0,0
2009,"LaPlana",15,"Reserve","After",0,0,0,0,0,18,0,1,0,0,0,0,0,6,0,0,2,0,0,0,0,0,0,0,0,11,0,0
2009,"LaPlana",16,"Reserve","After",0,0,0,0,0,6,0,3,0,0,0,0,0,1,0,0,1,0,0,0,0,0,0,0,0,7,0,0
2009,"LaPlana",17,"Reserve","After",0,0,1,1,0,7,0,5,0,0,0,0,0,1,0,0,1,0,0,0,0,0,0,0,0,1,0,0
2009,"LaPlana",18,"Reserve","After",0,0,7,4,6,10,0,12,0,0,0,0,3,3,0,0,1,0,0,0,0,0,0,0,0,5,0,0
2009,"LaPlana",19,"Reserve","After",0,0,29,0,0,12,0,0,0,0,0,0,0,0,0,0,1,0,0,0,0,0,0,0,0,4,0,0
2009,"LaPlana",20,"Reserve","After",0,0,15,0,20,24,0,4,0,0,0,0,0,11,0,0,1,0,0,0,0,0,0,0,0,9,0,0
2009,"LaPlana",21,"Reserve","After",0,0,3,10,0,22,0,0,0,0,0,0,0,3,0,0,1,0,0,0,0,0,0,0,0,9,0,0
2009,"LaPlana",22,"Reserve","After",0,0,6,0,1,4,0,0,0,0,0,0,0,13,0,0,2,0,0,0,0,0,0,0,0,3,0,0
2009,"LaPlana",23,"Reserve","After",1,0,0,0,0,1,0,0,0,0,0,0,0,7,0,0,1,0,0,0,0,0,0,0,0,8,0,0
2009,"LaPlana",24,"Reserve","After",0,0,15,0,0,9,0,0,0,0,0,0,5,14,0,0,1,0,0,0,0,0,0,0,0,4,0,0
2009,"LaPlana",25,"Reserve","After",0,0,11,0,0,6,0,5,0,0,0,0,6,6,0,0,1,0,0,0,0,0,0,0,0,7,0,0
2009,"LaPlana",26,"Reserve","After",0,0,32,0,0,0,1,6,0,0,0,0,0,2,0,0,1,0,0,0,0,0,0,0,0,1,0,0
2010,"LaPlana",1,"Reserve","After",0,0,34,0,0,4,4,2,0,0,0,0,0,1,0,0,2,0,0,0,0,0,0,0,0,1,0,0
2010,"LaPlana",2,"Reserve","After",0,0,0,0,0,0,1,4,0,0,0,0,0,1,0,0,1,0,0,0,0,0,0,0,0,5,0,0
2010,"LaPlana",3,"Reserve","After",0,0,0,6,1,5,0,2,0,0,0,0,0,24,0,0,1,0,0,0,0,0,0,0,0,10,0,0
2010,"LaPlana",4,"Reserve","After",0,0,5,0,0,33,1,1,0,0,0,0,17,38,0,0,1,0,0,0,0,0,0,0,0,14,0,0
2010,"LaPlana",5,"Reserve","After",0,0,0,1,2,13,1,11,0,0,0,0,1,25,0,0,1,0,0,0,0,0,0,0,0,21,0,0
2010,"LaPlana",6,"Reserve","After",0,0,25,0,0,9,1,7,0,0,0,0,0,6,0,0,1,0,0,0,0,0,0,0,0,10,0,0
2010,"LaPlana",7,"Reserve","After",0,0,58,0,0,6,0,14,0,0,0,0,0,6,0,0,1,0,0,0,0,0,0,0,0,7,0,0
2010,"LaPlana",8,"Reserve","After",0,0,90,0,0,15,1,14,0,0,0,0,5,0,0,0,2,0,0,0,0,0,0,0,0,4,0,0
2010,"LaPlana",9,"Reserve","After",0,0,0,0,0,20,0,1,0,0,0,0,0,2,0,0,1,0,0,0,0,0,0,0,0,3,0,0
2010,"LaPlana",10,"Reserve","After",0,0,0,0,0,1,0,1,0,0,0,0,0,11,0,0,1,0,0,0,0,0,0,0,0,5,0,0
2010,"LaPlana",11,"Reserve","After",0,0,6,0,0,0,0,2,0,0,0,0,0,4,0,0,1,0,0,0,0,0,0,0,0,1,0,0
2010,"LaPlana",12,"Reserve","After",0,0,30,0,0,0,0,2,0,0,0,0,0,1,2,0,1,0,0,0,0,0,0,0,0,5,0,0
2010,"LaPlana",13,"Reserve","After",0,0,0,0,0,0,0,0,0,0,0,0,0,1,0,0,2,0,0,0,0,0,0,0,0,3,0,0
2010,"LaPlana",14,"Reserve","After",0,3,0,0,0,6,0,0,0,0,0,0,0,5,3,0,1,0,0,0,0,0,0,0,0,7,0,0
2010,"LaPlana",15,"Reserve","After",0,0,0,0,0,4,0,1,0,0,0,0,0,2,1,0,1,0,0,0,0,0,0,0,0,2,0,0
2010,"LaPlana",16,"Reserve","After",0,3,18,0,0,2,0,1,0,0,0,0,3,37,0,0,1,0,0,0,0,0,0,0,0,14,0,0
2010,"LaPlana",17,"Reserve","After",0,0,2,0,2,21,0,0,0,0,0,0,2,13,0,0,1,0,0,0,0,0,0,0,0,8,0,0
2010,"LaPlana",18,"Reserve","After",10,1,5,0,2,5,2,0,0,0,0,0,2,23,0,0,1,0,0,0,0,0,0,0,0,12,0,0
2010,"LaPlana",19,"Reserve","After",3,0,4,2,4,12,0,6,0,0,0,0,3,25,0,0,1,0,0,0,0,0,0,0,0,11,0,0
2010,"LaPlana",20,"Reserve","After",0,0,30,0,4,42,0,4,0,0,0,0,0,8,0,0,2,0,0,0,0,0,0,0,0,8,0,0
2010,"LaPlana",21,"Reserve","After",0,0,0,0,2,0,0,0,0,0,0,0,0,3,0,0,1,0,0,0,0,0,0,0,0,4,0,0
2010,"LaPlana",22,"Reserve","After",0,0,0,0,4,4,0,2,0,0,0,0,0,2,0,0,1,0,0,0,0,0,0,0,0,3,0,0
2010,"LaPlana",23,"Reserve","After",0,0,4,1,0,39,0,1,0,0,0,0,0,12,0,0,1,0,0,0,0,0,0,0,0,8,0,0
2010,"LaPlana",24,"Reserve","After",2,0,0,3,1,28,0,2,0,0,0,0,0,6,0,0,1,0,0,0,0,0,0,0,0,10,0,0
2010,"LaPlana",25,"Reserve","After",0,0,3,4,0,0,0,1,0,0,0,0,0,6,0,0,2,0,0,0,0,0,0,0,0,1,0,0
2011,"LaPlana",1,"Reserve","After",0,0,12,0,2,3,5,10,0,0,0,0,0,5,0,0,1,0,0,0,0,0,0,0,0,6,0,0
2011,"LaPlana",2,"Reserve","After",0,0,12,1,0,8,0,1,0,0,0,0,0,7,0,0,1,0,0,0,0,0,0,0,0,1,0,0
2011,"LaPlana",3,"Reserve","After",0,0,20,5,2,27,0,8,0,0,0,0,9,10,0,0,1,0,0,0,0,0,0,0,0,7,0,0
2011,"LaPlana",4,"Reserve","After",0,0,7,1,0,3,0,2,0,0,0,0,3,12,0,0,1,0,0,0,0,0,0,0,0,5,0,0
2011,"LaPlana",5,"Reserve","After",0,0,0,0,0,4,1,0,0,0,0,0,0,2,0,0,1,0,0,0,0,0,0,0,0,3,0,0
2011,"LaPlana",6,"Reserve","After",0,0,0,0,0,2,0,0,0,0,0,0,30,1,0,0,1,0,0,0,0,0,0,0,0,1,0,0
2011,"LaPlana",7,"Reserve","After",0,0,100,3,7,3,0,8,0,0,0,0,2,9,0,0,2,0,0,0,0,0,0,0,0,15,0,0
2011,"LaPlana",8,"Reserve","After",0,0,0,0,0,0,0,0,0,0,0,0,2,0,0,0,1,0,0,0,0,0,0,0,0,0,0,0
2011,"LaPlana",9,"Reserve","After",0,0,0,0,0,9,0,0,0,0,0,0,0,16,0,0,1,0,0,0,0,0,0,0,0,7,0,0
2011,"LaPlana",10,"Reserve","After",0,2,0,0,0,0,0,0,0,0,0,0,0,5,0,0,1,0,0,0,0,0,0,0,0,2,0,0
2011,"LaPlana",11,"Reserve","After",0,0,0,0,0,6,0,0,0,0,0,0,0,13,0,0,1,0,0,0,0,0,0,0,0,6,0,0
2011,"LaPlana",12,"Reserve","After",0,0,0,0,0,0,0,0,0,0,0,0,0,16,0,0,2,0,0,0,0,0,0,0,0,5,0,0
2011,"LaPlana",13,"Reserve","After",0,0,0,0,0,0,0,0,0,0,0,0,0,8,0,0,1,0,0,0,0,0,0,0,0,3,0,0
2011,"LaPlana",14,"Reserve","After",0,0,0,0,0,0,0,0,0,0,0,0,0,0,0,0,1,0,0,0,0,0,0,0,0,1,0,0
2011,"LaPlana",15,"Reserve","After",0,0,0,0,0,5,0,0,0,0,0,0,0,4,0,0,1,0,0,0,0,0,0,0,0,6,0,0
2011,"LaPlana",16,"Reserve","After",0,0,0,0,0,0,0,2,0,0,0,0,0,0,0,0,1,0,0,0,0,0,0,0,0,10,0,0
2011,"LaPlana",17,"Reserve","After",0,0,0,0,0,1,0,0,0,0,0,0,0,7,0,0,1,0,0,0,0,0,0,0,0,1,0,0
2011,"LaPlana",18,"Reserve","After",0,0,0,0,0,3,0,0,0,0,0,0,0,3,0,0,1,0,0,0,0,0,0,0,0,1,0,0
2011,"LaPlana",19,"Reserve","After",0,0,0,1,0,0,0,0,0,0,0,0,0,9,0,0,2,0,0,0,0,0,0,0,0,12,0,0
2011,"LaPlana",20,"Reserve","After",0,0,0,4,0,1,0,0,0,0,0,0,0,4,0,0,1,0,0,0,0,0,0,0,0,0,0,0
2011,"LaPlana",21,"Reserve","After",0,0,0,0,0,5,0,0,0,0,0,0,0,8,0,0,1,0,0,0,0,0,0,0,0,5,0,0
2011,"LaPlana",22,"Reserve","After",0,0,0,0,0,3,0,0,0,0,0,0,0,3,0,0,1,0,0,0,0,0,0,0,0,0,0,0
2011,"LaPlana",23,"Reserve","After",0,0,0,0,2,7,0,1,0,0,0,0,7,3,0,0,1,0,0,0,0,0,0,0,1,6,0,0
2011,"LaPlana",24,"Reserve","After",0,0,0,3,2,0,0,0,0,0,0,0,8,4,0,0,2,0,0,0,0,0,0,0,0,5,0,0
2011,"LaPlana",25,"Reserve","After",0,0,0,0,0,4,0,0,0,0,0,0,0,0,0,0,1,0,0,0,0,0,0,0,0,0,0,0
2012,"LaPlana",1,"Reserve","After",0,0,0,0,0,6,0,0,0,0,0,0,0,17,0,0,1,0,0,0,0,0,0,0,0,4,0,0
2012,"LaPlana",2,"Reserve","After",0,0,15,0,0,11,0,0,0,0,0,0,3,25,0,0,1,0,0,0,0,0,0,0,0,14,0,0
2012,"LaPlana",3,"Reserve","After",0,0,3,2,0,8,0,8,0,0,0,0,2,6,0,0,1,0,0,0,0,0,0,0,0,12,0,0
2012,"LaPlana",4,"Reserve","After",0,0,0,0,0,6,0,1,0,0,0,0,0,12,0,0,1,0,0,0,0,0,0,0,0,6,0,0
2012,"LaPlana",5,"Reserve","After",0,0,0,0,0,6,0,0,0,0,0,0,0,10,1,0,1,0,0,0,0,0,0,0,0,15,0,0
2012,"LaPlana",6,"Reserve","After",0,0,37,0,2,3,0,6,0,0,0,0,0,7,0,0,2,0,0,0,0,0,0,0,0,7,0,0
2012,"LaPlana",7,"Reserve","After",0,0,26,0,0,5,0,8,0,0,0,0,0,11,0,0,1,0,0,0,0,0,0,0,0,15,0,0
2012,"LaPlana",8,"Reserve","After",0,0,0,4,0,0,0,8,0,0,0,0,0,9,0,0,1,0,0,0,0,0,0,0,0,7,0,0
2012,"LaPlana",9,"Reserve","After",0,0,0,2,0,2,0,1,0,0,0,0,0,7,0,0,1,0,0,0,0,0,0,0,0,6,0,0
2012,"LaPlana",10,"Reserve","After",0,0,3,0,0,0,0,0,0,0,0,0,0,4,0,0,1,0,0,0,0,0,0,0,0,1,0,0
2012,"LaPlana",11,"Reserve","After",0,0,2,0,2,4,0,3,0,0,0,0,0,4,0,0,2,0,0,0,0,0,0,0,0,4,0,0
2012,"LaPlana",12,"Reserve","After",0,0,0,0,1,9,0,0,0,0,0,0,0,14,0,0,1,0,0,0,0,0,0,0,0,2,0,0
2012,"LaPlana",13,"Reserve","After",0,0,0,2,0,6,0,0,0,0,0,0,0,19,0,0,1,0,0,0,0,0,0,0,0,12,0,0
2012,"LaPlana",14,"Reserve","After",0,0,45,2,0,3,0,5,0,0,0,0,3,7,0,0,1,0,0,0,0,0,0,0,0,20,0,0
2012,"LaPlana",15,"Reserve","After",0,0,45,0,0,4,0,6,0,0,0,0,2,16,0,0,1,0,0,0,0,0,0,0,0,16,0,0
2012,"LaPlana",16,"Reserve","After",0,0,5,5,0,7,1,2,0,0,0,0,1,7,0,0,1,0,0,0,0,0,0,0,0,14,0,0
2012,"LaPlana",17,"Reserve","After",0,0,79,0,0,8,0,6,0,0,0,0,0,0,0,0,1,0,0,0,0,0,0,0,0,15,0,0
2012,"LaPlana",18,"Reserve","After",0,0,3,0,0,1,0,1,0,0,0,0,11,4,0,0,2,0,0,0,0,0,0,0,0,14,0,0
2012,"LaPlana",19,"Reserve","After",0,0,15,0,0,3,0,2,0,0,0,0,4,24,0,0,1,0,0,0,0,0,0,0,0,6,0,0
2012,"LaPlana",20,"Reserve","After",0,0,0,0,0,9,0,2,0,0,0,0,0,5,0,0,1,0,0,0,0,0,0,0,0,3,0,0
2012,"LaPlana",21,"Reserve","After",0,0,15,4,1,6,0,4,0,0,0,0,0,7,0,0,1,0,0,0,0,0,0,0,0,8,0,0
2012,"LaPlana",22,"Reserve","After",0,0,1,2,0,15,0,3,0,0,0,0,0,2,0,0,1,0,0,0,0,0,0,0,0,18,0,0
2012,"LaPlana",23,"Reserve","After",0,0,0,0,0,17,0,9,0,0,0,0,0,9,0,0,2,0,0,0,0,0,0,0,0,10,0,0
2012,"LaPlana",24,"Reserve","After",0,0,6,0,0,8,0,4,0,0,0,0,0,8,0,0,1,0,0,0,0,0,0,0,0,15,0,0
2013,"LaPlana",1,"Reserve","After",0,0,18,0,0,31,0,5,0,0,0,0,0,12,0,0,1,0,0,0,0,0,0,0,0,18,0,0
2013,"LaPlana",2,"Reserve","After",0,0,7,0,0,7,0,5,0,0,0,0,0,4,0,0,1,0,0,0,0,0,0,0,0,4,0,0
2013,"LaPlana",3,"Reserve","After",0,0,15,0,6,30,0,3,0,0,0,0,16,17,0,0,1,0,0,0,0,0,0,0,0,22,0,0
2013,"LaPlana",4,"Reserve","After",0,0,5,0,0,41,1,8,0,0,0,0,0,6,0,0,1,0,0,0,0,0,0,0,0,6,0,0
2013,"LaPlana",5,"Reserve","After",0,0,0,0,0,20,0,0,0,0,0,0,1,9,0,0,1,0,0,0,0,0,0,0,0,8,0,0
2013,"LaPlana",6,"Reserve","After",0,0,0,0,0,27,0,0,0,0,0,0,0,4,0,0,2,0,0,0,0,0,0,0,0,20,0,0
2013,"LaPlana",7,"Reserve","After",0,0,0,0,0,28,0,0,0,0,0,0,34,21,0,0,1,0,0,0,0,0,0,0,0,9,0,0
2013,"LaPlana",8,"Reserve","After",0,0,3,6,0,20,0,4,0,0,0,0,0,11,0,0,1,0,0,0,0,0,0,0,0,11,0,0
2013,"LaPlana",9,"Reserve","After",0,0,0,0,0,2,0,0,0,0,0,0,0,3,0,0,1,0,0,0,0,0,0,0,0,2,0,0
2013,"LaPlana",10,"Reserve","After",0,0,0,0,0,4,0,0,0,0,0,0,0,5,0,0,1,0,0,0,0,0,0,0,0,3,0,0
2013,"LaPlana",11,"Reserve","After",0,0,0,0,0,8,0,1,0,0,0,0,0,4,0,0,2,0,0,0,0,0,0,0,0,2,0,0
2013,"LaPlana",12,"Reserve","After",0,0,0,0,0,0,0,0,0,0,0,0,0,12,2,0,1,0,0,0,0,0,0,0,0,7,0,0
2013,"LaPlana",13,"Reserve","After",0,0,0,0,0,0,0,0,0,0,0,0,5,1,0,0,1,0,0,0,0,0,0,0,0,2,0,0
2013,"LaPlana",14,"Reserve","After",0,0,28,0,0,26,0,2,0,0,0,0,13,12,0,0,1,0,0,0,0,0,0,0,0,9,0,0
2013,"LaPlana",15,"Reserve","After",0,0,0,0,0,2,0,2,0,0,0,0,0,3,0,0,1,0,0,0,0,0,0,0,0,1,0,0
2013,"LaPlana",16,"Reserve","After",0,0,0,0,0,0,0,0,0,0,0,0,0,1,0,0,1,0,0,0,0,0,0,0,0,1,0,0
2013,"LaPlana",17,"Reserve","After",0,0,0,0,0,0,0,2,0,0,0,0,0,31,0,0,1,0,0,0,0,0,0,0,0,9,0,0
2013,"LaPlana",18,"Reserve","After",0,0,0,0,0,0,0,0,0,0,0,0,9,7,0,0,2,0,0,0,0,0,0,0,0,2,0,0
2013,"LaPlana",19,"Reserve","After",0,0,0,0,0,0,0,0,0,0,0,0,0,1,0,0,1,0,0,0,0,0,0,0,0,1,0,0
2013,"LaPlana",20,"Reserve","After",0,0,2,0,0,2,0,1,0,0,0,0,0,0,0,0,1,0,0,0,0,0,0,0,0,2,0,0
2014,"LaPlana",1,"Reserve","After",0,1,0,0,0,9,0,1,0,0,0,0,0,11,0,0,1,0,0,0,0,0,0,0,0,3,0,0
2014,"LaPlana",2,"Reserve","After",0,0,16,0,0,9,0,2,0,0,0,0,0,9,1,0,1,0,0,0,0,0,0,0,0,8,0,0
2014,"LaPlana",3,"Reserve","After",0,0,0,0,0,3,0,0,0,0,0,0,8,20,0,0,2,0,0,0,0,0,0,0,0,3,0,0
2014,"LaPlana",4,"Reserve","After",0,0,3,0,0,7,0,0,0,0,0,0,0,4,0,0,1,0,0,0,0,0,0,0,0,7,0,0
2014,"LaPlana",5,"Reserve","After",0,0,0,0,0,10,0,0,0,0,0,0,0,3,0,0,1,0,0,0,0,0,0,0,0,1,0,0
2014,"LaPlana",6,"Reserve","After",0,0,0,0,0,7,0,4,0,0,0,0,0,15,5,0,1,0,0,0,0,0,0,0,0,8,0,0
2014,"LaPlana",7,"Reserve","After",0,0,0,0,0,0,0,0,0,0,0,0,0,6,1,0,1,0,0,0,0,0,0,0,0,0,0,0
2014,"LaPlana",8,"Reserve","After",0,0,12,0,1,19,1,6,0,0,0,0,0,34,0,0,1,0,0,0,0,0,0,0,0,27,0,0
2014,"LaPlana",9,"Reserve","After",0,0,0,0,0,5,0,6,0,0,0,0,0,3,0,0,1,0,0,0,0,0,0,0,0,5,0,0
2014,"LaPlana",10,"Reserve","After",0,0,0,14,0,5,0,0,0,0,0,0,0,4,0,0,2,0,0,0,0,0,0,0,0,3,0,0
2014,"LaPlana",11,"Reserve","After",1,0,10,0,0,7,0,5,0,0,0,0,16,3,0,0,1,0,0,0,0,0,0,0,0,15,0,0
2014,"LaPlana",12,"Reserve","After",10,0,0,0,0,4,0,7,0,0,0,0,0,3,0,0,1,0,0,0,0,0,0,0,0,2,0,0
2014,"LaPlana",13,"Reserve","After",0,0,0,3,0,0,0,5,0,0,0,0,0,4,0,0,1,0,0,0,0,0,0,0,0,9,0,0
2014,"LaPlana",14,"Reserve","After",0,0,13,0,0,24,0,18,0,0,0,0,0,24,0,0,1,0,0,0,0,0,0,0,0,12,0,0
2014,"LaPlana",15,"Reserve","After",0,0,0,0,0,12,0,2,0,0,0,0,0,8,0,0,2,0,0,0,0,0,0,0,0,4,0,0
2014,"LaPlana",16,"Reserve","After",0,0,0,6,6,0,0,4,0,0,0,0,0,6,2,0,1,0,0,0,0,0,0,0,0,2,0,0
2014,"LaPlana",17,"Reserve","After",0,0,0,0,0,11,0,0,0,0,0,0,0,1,0,0,1,0,0,0,0,0,0,0,0,1,0,0
2014,"LaPlana",18,"Reserve","After",0,0,2,0,0,9,0,1,0,0,0,0,2,5,0,0,1,0,0,0,0,0,0,0,0,17,0,0
2014,"LaPlana",19,"Reserve","After",0,0,2,27,0,9,0,1,0,0,0,0,0,3,0,0,1,0,0,0,0,0,0,0,0,1,0,0
2014,"LaPlana",20,"Reserve","After",0,0,0,0,0,30,0,0,0,0,0,0,1,2,0,0,1,0,0,0,0,0,0,0,0,4,0,0
2006,"PuntaPrieta",1,"Reserve","Before",0,0,9,0,22,4,0,0,0,0,0,0,0,2,0,0,1,0,0,0,0,0,0,0,0,8,0,1
2006,"PuntaPrieta",2,"Reserve","Before",3,0,2,0,20,4,0,3,0,0,0,0,6,1,0,0,2,0,0,0,0,0,0,0,0,6,0,0
2006,"PuntaPrieta",3,"Reserve","Before",2,1,20,0,0,1,0,1,0,0,0,0,10,0,0,0,1,0,0,0,0,0,0,0,0,9,0,0
2006,"PuntaPrieta",4,"Reserve","Before",1,0,9,0,25,2,0,3,0,0,0,0,3,0,0,0,1,0,0,0,0,0,0,0,0,5,0,0
2006,"PuntaPrieta",5,"Reserve","Before",0,0,11,0,0,2,0,0,0,0,0,0,16,1,0,0,1,0,0,0,0,0,0,0,0,5,0,0
2006,"PuntaPrieta",6,"Reserve","Before",0,0,0,0,8,0,0,9,0,0,0,0,4,2,0,0,1,0,0,0,0,0,0,0,0,7,0,0
2006,"PuntaPrieta",7,"Reserve","Before",0,0,0,0,0,9,0,0,0,0,0,0,6,2,0,0,2,0,0,0,0,0,0,0,0,4,0,0
2006,"PuntaPrieta",8,"Reserve","Before",0,0,0,0,1,8,0,7,0,0,0,0,0,4,0,0,1,0,0,0,0,0,0,0,0,7,0,0
2006,"PuntaPrieta",9,"Reserve","Before",0,0,0,0,0,26,0,0,0,0,0,0,0,0,0,0,1,0,0,0,0,0,0,0,0,4,0,0
2006,"PuntaPrieta",10,"Reserve","Before",0,0,0,0,5,1,0,4,0,0,0,0,0,7,0,0,1,0,0,0,0,0,0,0,1,4,0,0
2006,"PuntaPrieta",11,"Reserve","Before",0,0,0,0,0,2,0,0,0,0,0,0,26,1,0,0,1,0,0,0,0,0,0,0,0,2,0,0
2006,"PuntaPrieta",12,"Reserve","Before",0,0,0,0,1,1,0,3,0,0,0,0,0,5,0,0,1,0,0,0,0,0,0,0,0,0,0,0
2007,"PuntaPrieta",1,"Reserve","Before",0,1,35,0,0,6,0,2,0,0,0,0,0,4,0,0,1,0,0,0,0,0,0,0,0,8,0,0
2007,"PuntaPrieta",2,"Reserve","Before",0,0,0,0,2,30,0,0,0,0,0,0,0,6,0,0,2,0,0,0,0,0,0,0,0,2,0,0
2007,"PuntaPrieta",3,"Reserve","Before",0,0,1,0,3,10,0,1,0,0,0,0,0,2,0,0,1,0,0,0,0,0,0,0,0,2,0,0
2007,"PuntaPrieta",4,"Reserve","Before",0,0,0,0,0,7,0,0,0,0,0,0,0,2,0,0,1,0,0,0,0,0,0,0,0,3,0,0
2007,"PuntaPrieta",5,"Reserve","Before",1,0,2,0,0,10,0,0,0,0,0,0,0,4,0,0,1,1,0,0,0,0,0,0,0,4,0,0
2007,"PuntaPrieta",6,"Reserve","Before",0,0,19,0,2,7,0,4,0,0,0,0,0,5,0,0,1,0,0,0,0,0,0,0,0,2,0,0
2007,"PuntaPrieta",7,"Reserve","Before",0,1,0,0,0,0,0,0,0,0,0,0,0,10,0,0,2,0,0,0,0,0,0,0,0,12,0,0
2007,"PuntaPrieta",8,"Reserve","Before",0,0,12,0,30,7,0,1,0,0,0,0,0,8,0,0,1,0,0,0,0,0,0,0,0,7,0,0
2007,"PuntaPrieta",9,"Reserve","Before",0,0,11,1,2,17,0,3,0,0,0,0,20,4,0,0,1,0,0,0,0,0,0,0,0,8,0,0
2007,"PuntaPrieta",10,"Reserve","Before",0,0,16,0,2,1,0,5,0,0,0,0,0,13,0,0,1,0,0,0,0,0,0,0,0,7,0,0
2007,"PuntaPrieta",11,"Reserve","Before",0,0,20,0,0,3,0,2,0,0,0,0,0,5,0,0,1,0,0,0,0,0,0,0,0,6,0,0
2007,"PuntaPrieta",12,"Reserve","Before",0,0,10,0,2,14,0,4,0,0,0,0,0,12,0,0,1,0,0,0,0,0,0,0,0,5,0,0
2007,"PuntaPrieta",13,"Reserve","Before",0,0,9,1,0,11,0,2,0,0,0,0,0,8,0,0,1,1,0,0,0,0,0,0,0,15,0,0
2007,"PuntaPrieta",14,"Reserve","Before",0,0,2,0,0,4,0,4,0,0,0,0,1,3,0,0,2,0,0,0,0,0,0,0,0,6,0,0
2007,"PuntaPrieta",15,"Reserve","Before",0,0,1,0,0,13,0,1,0,0,0,0,0,0,0,0,1,0,0,0,0,0,0,0,0,4,0,0
2007,"PuntaPrieta",16,"Reserve","Before",0,0,35,0,0,8,0,2,0,0,0,0,0,11,0,0,1,0,0,0,0,0,0,0,0,19,0,0
2007,"PuntaPrieta",18,"Reserve","Before",7,0,14,0,8,14,0,6,0,0,0,0,0,12,0,0,1,0,0,0,0,0,0,0,0,7,0,0
2007,"PuntaPrieta",19,"Reserve","Before",0,2,0,0,0,46,0,0,0,0,0,0,0,13,0,0,1,0,0,0,0,0,0,0,0,2,0,0
2007,"PuntaPrieta",20,"Reserve","Before",0,0,1,0,0,12,0,0,0,0,0,0,0,3,0,0,2,0,0,0,0,0,0,0,0,2,0,0
2008,"PuntaPrieta",1,"Reserve","Before",0,0,0,0,0,1,0,0,0,0,0,0,0,3,0,0,1,0,0,0,0,0,0,0,0,3,0,0
2008,"PuntaPrieta",2,"Reserve","Before",0,0,0,4,0,4,0,1,0,0,0,0,0,2,0,0,1,0,0,0,0,0,0,0,0,0,0,0
2008,"PuntaPrieta",3,"Reserve","Before",0,0,3,0,2,6,0,0,0,0,0,0,0,5,0,0,1,0,0,0,0,0,0,0,1,10,0,0
2008,"PuntaPrieta",4,"Reserve","Before",0,0,11,0,7,2,0,0,0,0,0,0,0,5,0,0,1,0,0,0,0,0,0,0,0,0,0,0
2008,"PuntaPrieta",5,"Reserve","Before",0,0,0,0,0,3,0,0,0,0,0,0,0,1,0,0,1,0,0,0,0,0,0,0,0,3,0,0
2008,"PuntaPrieta",6,"Reserve","Before",0,0,0,7,2,2,1,1,0,0,0,0,6,9,0,0,1,0,0,0,0,0,0,0,0,3,0,0
2008,"PuntaPrieta",7,"Reserve","Before",0,1,14,0,0,4,0,3,0,0,0,0,4,6,0,0,2,0,0,0,0,0,0,0,0,10,0,0
2008,"PuntaPrieta",8,"Reserve","Before",0,0,8,0,0,6,0,0,0,0,0,0,2,14,0,0,1,0,0,0,0,0,0,0,0,15,0,0
2008,"PuntaPrieta",9,"Reserve","Before",0,3,23,9,15,2,1,5,0,0,0,0,3,12,0,0,1,2,0,0,0,0,0,0,0,9,0,0
2008,"PuntaPrieta",10,"Reserve","Before",3,0,21,0,2,10,0,8,0,0,0,0,6,13,0,0,1,0,0,0,0,0,0,0,0,11,0,0
2008,"PuntaPrieta",11,"Reserve","Before",0,0,0,0,0,12,1,0,0,0,0,0,0,2,0,0,1,0,0,0,0,0,0,0,0,6,0,0
2008,"PuntaPrieta",12,"Reserve","Before",0,0,0,2,0,2,1,1,0,0,0,0,0,1,0,0,2,0,0,0,0,0,0,0,0,1,0,0
2008,"PuntaPrieta",13,"Reserve","Before",0,0,0,3,0,10,0,1,0,0,0,0,5,14,0,0,1,0,0,0,0,0,0,0,0,5,0,0
2008,"PuntaPrieta",14,"Reserve","Before",0,0,0,0,0,2,0,0,0,0,0,0,0,6,0,0,1,0,0,0,0,0,0,0,0,3,0,0
2008,"PuntaPrieta",15,"Reserve","Before",0,0,10,2,1,7,0,0,0,0,0,0,3,25,0,0,1,0,0,0,0,0,0,0,0,7,0,0
2008,"PuntaPrieta",16,"Reserve","Before",0,1,0,0,3,20,0,0,0,0,0,0,0,16,0,0,1,0,0,0,0,0,0,0,0,7,0,0
2008,"PuntaPrieta",17,"Reserve","Before",0,0,3,1,0,2,0,3,0,0,0,0,0,3,0,0,1,0,0,0,0,0,0,0,0,4,0,0
2008,"PuntaPrieta",18,"Reserve","Before",0,0,16,1,0,0,0,24,0,0,0,0,0,4,0,0,1,0,0,0,0,0,0,0,0,6,0,0
2008,"PuntaPrieta",19,"Reserve","Before",0,0,13,4,1,2,0,4,0,0,0,0,3,2,0,0,2,0,0,0,0,0,0,0,0,7,0,0
2008,"PuntaPrieta",20,"Reserve","Before",0,0,18,7,0,11,0,5,0,0,0,0,7,28,0,0,1,0,0,0,0,0,0,0,0,17,0,0
2008,"PuntaPrieta",21,"Reserve","Before",0,0,0,36,0,4,0,0,0,0,0,0,0,4,0,0,1,0,0,0,0,0,0,0,0,4,0,0
2008,"PuntaPrieta",22,"Reserve","Before",0,0,0,2,0,5,0,2,0,0,0,0,0,3,0,0,1,0,0,0,0,0,0,0,0,3,0,0
2009,"PuntaPrieta",1,"Reserve","After",0,0,0,0,0,3,0,0,0,0,0,0,0,0,0,0,1,0,0,0,0,0,0,0,0,10,0,0
2009,"PuntaPrieta",2,"Reserve","After",0,0,8,0,0,4,0,1,0,0,0,0,0,5,0,0,2,0,0,0,0,0,0,0,0,4,0,0
2009,"PuntaPrieta",3,"Reserve","After",0,0,12,0,0,49,0,0,0,0,0,0,8,9,1,0,1,0,0,0,0,0,0,0,0,14,0,0
2009,"PuntaPrieta",4,"Reserve","After",0,0,16,0,0,24,0,4,0,0,0,0,17,6,0,0,1,0,0,0,0,0,0,0,0,5,0,0
2009,"PuntaPrieta",5,"Reserve","After",0,1,9,0,0,6,0,2,0,0,0,0,0,2,0,0,1,0,0,0,0,0,0,0,0,3,0,0
2009,"PuntaPrieta",6,"Reserve","After",0,1,12,0,0,27,0,2,0,0,0,0,0,2,0,0,1,0,0,0,0,0,0,0,0,6,0,0
2009,"PuntaPrieta",7,"Reserve","After",2,0,13,0,0,15,0,6,0,0,0,0,0,2,1,0,1,0,0,0,0,0,0,0,0,22,0,0
2009,"PuntaPrieta",8,"Reserve","After",0,0,25,3,0,33,0,5,0,0,0,0,0,9,0,0,1,0,0,0,0,0,0,0,0,4,0,0
2009,"PuntaPrieta",9,"Reserve","After",0,0,10,0,0,2,0,0,0,0,0,0,0,0,0,0,2,0,0,0,0,0,0,0,0,8,0,0
2009,"PuntaPrieta",10,"Reserve","After",11,0,60,0,70,2,0,7,0,0,0,0,3,5,0,0,1,0,0,0,0,0,0,0,0,2,0,0
2009,"PuntaPrieta",11,"Reserve","After",0,0,4,0,0,3,0,0,0,0,0,0,0,2,0,0,1,0,0,0,0,0,0,0,0,6,0,0
2009,"PuntaPrieta",12,"Reserve","After",0,0,9,0,0,3,0,2,0,0,0,0,0,5,0,0,1,0,0,0,0,0,0,0,0,9,0,0
2009,"PuntaPrieta",13,"Reserve","After",0,0,19,0,0,5,0,0,0,0,0,0,0,3,0,0,1,0,0,0,0,0,0,0,0,0,0,0
2009,"PuntaPrieta",14,"Reserve","After",0,0,7,0,0,6,0,2,0,0,0,0,0,2,0,0,2,0,0,0,0,0,0,0,0,5,0,0
2009,"PuntaPrieta",15,"Reserve","After",0,0,6,5,0,10,0,0,0,0,0,0,2,2,12,0,1,0,0,0,0,0,0,0,0,4,0,0
2009,"PuntaPrieta",16,"Reserve","After",0,0,7,0,0,0,0,4,0,0,0,0,0,12,0,0,1,0,0,0,0,0,0,0,0,12,0,0
2009,"PuntaPrieta",17,"Reserve","After",0,0,43,0,4,23,0,3,0,0,0,0,6,4,0,0,1,0,0,0,0,0,0,0,0,10,0,0
2009,"PuntaPrieta",18,"Reserve","After",0,0,8,0,0,11,0,1,0,0,0,0,0,2,0,0,1,0,0,0,0,0,0,0,0,5,0,0
2009,"PuntaPrieta",19,"Reserve","After",0,0,17,10,0,7,0,3,0,0,0,0,0,7,0,0,1,0,0,0,0,0,0,0,0,12,0,0
2009,"PuntaPrieta",20,"Reserve","After",0,0,38,0,0,11,0,6,0,0,0,0,0,9,0,0,1,0,0,0,0,0,0,0,0,5,0,0
2009,"PuntaPrieta",21,"Reserve","After",0,0,6,0,0,24,0,0,0,0,0,0,0,1,0,0,2,0,0,0,0,0,0,0,0,1,0,0
2009,"PuntaPrieta",22,"Reserve","After",0,0,0,0,0,0,0,0,0,0,0,0,0,3,0,0,1,0,0,0,0,0,0,0,0,1,0,0
2009,"PuntaPrieta",23,"Reserve","After",0,0,0,0,0,3,0,0,0,0,0,0,0,1,0,0,1,0,0,0,0,0,0,0,0,4,0,0
2009,"PuntaPrieta",24,"Reserve","After",0,0,11,0,1,4,0,3,0,0,0,0,0,3,0,0,1,0,0,0,0,0,0,0,1,6,0,0
2010,"PuntaPrieta",1,"Reserve","After",0,5,8,1,0,2,0,0,0,0,0,0,0,1,0,0,1,0,0,0,0,0,0,0,0,0,0,0
2010,"PuntaPrieta",2,"Reserve","After",0,0,0,2,0,32,0,1,0,0,0,0,0,2,0,0,2,0,0,0,0,0,0,0,0,7,0,0
2010,"PuntaPrieta",3,"Reserve","After",0,0,18,1,0,4,0,5,0,0,0,0,0,4,0,0,1,0,0,0,0,0,0,0,0,4,0,0
2010,"PuntaPrieta",4,"Reserve","After",0,0,5,0,0,0,0,0,0,0,0,0,0,4,0,0,1,0,0,0,0,0,0,0,0,2,0,0
2010,"PuntaPrieta",5,"Reserve","After",0,0,0,0,0,3,0,0,0,0,0,0,0,11,0,0,1,0,0,0,0,0,0,0,0,12,0,0
2010,"PuntaPrieta",6,"Reserve","After",0,0,0,0,0,0,0,3,0,0,0,0,0,11,0,0,1,0,0,0,0,0,0,0,0,5,0,0
2010,"PuntaPrieta",7,"Reserve","After",0,1,29,2,3,20,0,2,0,0,0,0,10,12,0,0,1,0,0,0,0,0,0,0,0,14,0,0
2010,"PuntaPrieta",8,"Reserve","After",0,0,16,0,0,37,0,1,0,0,0,0,14,7,0,0,1,0,0,0,0,0,0,0,0,14,0,0
2010,"PuntaPrieta",9,"Reserve","After",16,0,39,0,2,30,0,3,0,0,0,0,12,28,0,0,2,0,0,0,0,0,0,0,0,10,0,0
2010,"PuntaPrieta",10,"Reserve","After",0,9,44,0,0,14,1,10,0,0,0,0,5,10,3,0,1,0,0,0,0,0,0,0,0,29,0,0
2010,"PuntaPrieta",11,"Reserve","After",1,0,0,0,0,18,0,8,0,0,0,0,8,8,0,0,1,0,0,0,0,0,0,0,0,19,0,0
2010,"PuntaPrieta",12,"Reserve","After",18,0,14,4,1,12,0,8,0,0,0,0,2,24,0,0,1,0,0,0,0,0,0,0,0,20,0,0
2010,"PuntaPrieta",13,"Reserve","After",0,0,0,0,3,11,0,0,0,0,0,0,0,7,0,0,1,0,0,0,0,0,0,0,0,2,0,0
2010,"PuntaPrieta",14,"Reserve","After",0,0,0,0,0,6,0,0,0,0,0,0,0,31,0,0,2,0,0,0,0,0,0,0,0,9,0,0
2010,"PuntaPrieta",15,"Reserve","After",0,0,0,0,0,0,0,0,0,0,0,0,2,2,0,0,1,0,0,0,0,0,0,0,0,2,0,0
2010,"PuntaPrieta",16,"Reserve","After",0,0,0,0,0,8,0,1,0,0,0,0,0,8,0,0,1,0,0,0,0,0,0,0,0,8,0,0
2010,"PuntaPrieta",17,"Reserve","After",0,0,0,0,0,7,0,0,0,0,0,0,2,4,0,0,1,0,0,0,0,0,0,0,0,0,0,0
2010,"PuntaPrieta",18,"Reserve","After",0,0,10,0,0,35,0,0,0,0,0,0,35,20,0,0,1,0,0,0,0,0,0,0,0,5,0,0
2010,"PuntaPrieta",19,"Reserve","After",0,0,5,3,0,4,0,0,0,0,0,0,0,3,0,0,1,0,0,0,0,0,0,0,0,6,0,0
2010,"PuntaPrieta",20,"Reserve","After",0,0,0,0,0,18,0,2,0,0,0,0,0,1,0,0,1,0,0,0,0,0,0,0,0,5,0,0
2010,"PuntaPrieta",21,"Reserve","After",2,0,8,0,1,14,0,2,0,0,0,0,2,8,0,0,2,0,0,0,0,0,0,0,0,16,0,0
2010,"PuntaPrieta",22,"Reserve","After",1,0,0,0,4,14,0,7,0,0,0,0,0,2,0,0,1,0,0,0,0,0,0,0,0,22,0,0
2010,"PuntaPrieta",23,"Reserve","After",3,0,35,0,0,38,0,4,0,0,0,0,1,8,0,0,1,0,0,0,0,0,0,0,0,10,0,0
2010,"PuntaPrieta",24,"Reserve","After",0,0,0,1,0,7,0,0,0,0,0,0,0,3,0,0,1,0,0,0,0,0,0,0,0,6,0,0
2011,"PuntaPrieta",1,"Reserve","After",0,0,0,0,0,11,0,0,0,0,0,0,0,6,0,0,1,0,0,0,0,0,0,0,0,8,0,0
2011,"PuntaPrieta",2,"Reserve","After",0,0,0,0,0,1,0,0,0,0,0,0,0,4,0,0,2,0,0,0,0,0,0,0,0,2,0,0
2011,"PuntaPrieta",3,"Reserve","After",0,0,15,0,8,4,0,7,0,0,0,0,0,27,0,0,1,0,0,0,0,0,0,0,0,23,0,0
2011,"PuntaPrieta",4,"Reserve","After",0,0,0,0,0,7,0,0,0,0,0,0,5,4,0,0,1,0,0,0,0,0,0,0,0,7,0,0
2011,"PuntaPrieta",5,"Reserve","After",0,0,0,0,0,6,0,0,0,0,0,0,5,2,0,0,1,0,0,0,0,0,0,0,0,1,0,0
2011,"PuntaPrieta",6,"Reserve","After",0,0,0,0,0,0,0,0,0,0,0,0,0,0,0,0,1,0,0,0,0,0,0,0,0,2,0,0
2011,"PuntaPrieta",7,"Reserve","After",0,0,0,0,0,5,0,0,0,0,0,0,0,11,0,0,1,0,0,0,0,0,0,0,0,9,0,0
2011,"PuntaPrieta",8,"Reserve","After",0,0,15,0,30,0,0,0,0,0,0,0,7,31,0,0,1,0,0,0,0,0,0,0,0,7,0,0
2011,"PuntaPrieta",9,"Reserve","After",0,3,20,0,15,2,0,0,0,0,0,0,0,43,0,0,2,0,0,0,0,0,0,0,0,27,0,0
2011,"PuntaPrieta",10,"Reserve","After",0,0,0,0,0,1,0,0,0,0,0,0,3,6,0,0,1,0,0,0,0,0,0,0,0,2,0,0
2011,"PuntaPrieta",11,"Reserve","After",1,0,8,0,0,1,0,1,0,0,0,0,2,7,0,0,1,0,0,0,0,0,0,0,0,1,0,0
2011,"PuntaPrieta",12,"Reserve","After",0,8,0,0,0,0,0,1,0,0,0,0,3,2,0,0,1,0,0,0,0,0,0,0,0,9,0,0
2011,"PuntaPrieta",13,"Reserve","After",0,1,0,0,0,0,0,4,0,0,0,0,0,12,0,0,1,0,0,0,0,0,0,0,0,3,0,0
2011,"PuntaPrieta",14,"Reserve","After",1,0,5,4,1,2,0,6,0,0,0,0,0,10,0,0,2,0,0,0,0,0,0,0,0,9,0,0
2011,"PuntaPrieta",15,"Reserve","After",0,0,0,0,0,5,0,0,0,0,0,0,0,2,0,0,1,0,0,0,0,0,0,0,0,9,0,0
2011,"PuntaPrieta",16,"Reserve","After",0,5,0,0,0,0,0,2,0,0,0,0,0,18,0,0,1,0,0,0,0,0,0,0,0,21,0,0
2011,"PuntaPrieta",17,"Reserve","After",0,0,0,0,0,0,0,0,0,0,0,0,0,8,0,0,1,0,0,0,0,0,0,0,0,4,0,0
2011,"PuntaPrieta",18,"Reserve","After",0,0,0,0,4,0,0,0,0,0,0,0,4,3,0,0,1,0,0,0,0,0,0,0,0,5,0,0
2011,"PuntaPrieta",19,"Reserve","After",0,2,0,0,0,2,0,0,0,0,0,0,0,2,0,0,1,0,0,0,0,0,0,0,0,0,0,0
2011,"PuntaPrieta",20,"Reserve","After",0,0,0,0,0,0,0,0,0,0,0,0,0,0,0,0,1,0,0,0,0,0,0,0,0,2,0,0
2011,"PuntaPrieta",21,"Reserve","After",0,0,0,0,0,1,0,0,0,0,0,0,0,0,0,0,2,0,0,0,0,0,0,0,0,1,0,0
2011,"PuntaPrieta",22,"Reserve","After",0,5,5,0,0,9,0,0,0,0,0,0,0,7,0,0,1,0,0,0,0,0,0,0,0,11,0,0
2011,"PuntaPrieta",23,"Reserve","After",0,0,6,0,0,0,0,3,0,0,0,0,0,4,0,0,1,0,0,0,0,0,0,0,0,5,0,0
2011,"PuntaPrieta",24,"Reserve","After",0,0,0,0,0,4,0,0,0,0,0,0,0,2,0,0,1,0,0,0,0,0,0,0,0,5,0,0
2011,"PuntaPrieta",25,"Reserve","After",0,0,6,2,2,8,0,2,0,0,0,0,0,5,0,0,1,0,0,0,0,0,0,0,0,5,0,0
2012,"PuntaPrieta",1,"Reserve","After",0,0,0,0,0,7,0,0,0,0,0,0,0,48,0,0,2,0,0,0,0,0,0,0,0,5,0,0
2012,"PuntaPrieta",2,"Reserve","After",0,0,0,0,0,20,0,0,0,0,0,0,0,36,0,0,1,0,0,0,0,0,0,0,0,21,0,0
2012,"PuntaPrieta",3,"Reserve","After",0,0,12,2,4,30,0,6,0,0,0,0,3,27,0,0,1,0,0,0,0,0,0,0,0,10,0,0
2012,"PuntaPrieta",4,"Reserve","After",0,0,35,0,0,3,0,5,0,0,0,0,1,7,0,0,1,0,0,0,0,0,0,0,0,6,0,0
2012,"PuntaPrieta",5,"Reserve","After",3,0,80,5,2,9,1,12,0,0,0,0,1,39,0,0,1,0,0,0,0,0,0,0,0,10,0,0
2012,"PuntaPrieta",6,"Reserve","After",2,0,0,0,0,5,0,2,0,0,0,0,2,42,0,0,1,0,0,0,0,0,0,0,0,15,0,0
2012,"PuntaPrieta",7,"Reserve","After",0,0,0,0,0,0,0,2,0,0,0,0,2,9,0,0,1,0,0,0,0,0,0,0,0,2,0,0
2012,"PuntaPrieta",8,"Reserve","After",0,0,13,0,2,3,0,7,0,0,0,0,1,14,0,0,2,0,0,0,0,0,0,0,0,3,0,0
2012,"PuntaPrieta",9,"Reserve","After",0,0,18,2,0,8,0,1,0,0,0,0,0,18,0,0,1,0,0,0,0,0,0,0,0,4,0,0
2012,"PuntaPrieta",10,"Reserve","After",0,0,2,2,0,25,0,1,0,0,0,0,12,14,0,0,1,0,0,0,0,0,0,0,0,6,0,0
2012,"PuntaPrieta",11,"Reserve","After",2,0,50,5,0,30,0,5,0,0,0,0,3,11,0,0,1,0,0,0,0,0,0,0,0,9,0,0
2012,"PuntaPrieta",12,"Reserve","After",0,0,9,1,2,8,1,2,0,0,0,0,0,11,0,0,1,1,0,0,0,0,0,0,0,11,0,0
2012,"PuntaPrieta",13,"Reserve","After",0,0,25,0,1,1,0,1,0,0,0,0,0,13,0,0,2,0,0,0,0,0,0,0,0,16,0,0
2012,"PuntaPrieta",14,"Reserve","After",0,0,4,2,0,6,0,0,0,0,0,0,2,0,0,0,1,0,0,0,0,0,0,0,0,9,0,0
2012,"PuntaPrieta",15,"Reserve","After",0,0,10,3,0,4,1,1,0,0,0,0,6,7,0,0,1,0,0,0,0,0,0,0,0,1,0,0
2012,"PuntaPrieta",16,"Reserve","After",4,0,15,0,0,13,0,5,0,0,0,0,17,9,0,0,1,0,0,0,0,0,0,0,0,7,0,0
2012,"PuntaPrieta",17,"Reserve","After",0,3,40,0,0,13,0,3,0,0,0,0,7,16,0,0,1,0,0,0,0,0,0,0,0,20,0,0
2012,"PuntaPrieta",18,"Reserve","After",0,1,60,0,0,7,0,4,0,0,0,0,0,7,0,0,1,0,0,0,0,0,0,0,0,19,0,0
2012,"PuntaPrieta",19,"Reserve","After",0,1,3,0,0,3,0,0,0,0,0,0,0,6,0,0,1,0,0,0,0,0,0,0,0,0,0,0
2012,"PuntaPrieta",20,"Reserve","After",0,0,5,0,0,0,0,0,0,0,0,0,0,0,0,0,2,0,0,0,0,0,0,0,0,0,0,0
2012,"PuntaPrieta",21,"Reserve","After",2,9,3,0,0,4,0,0,0,0,0,0,2,40,0,0,1,0,0,0,0,0,0,0,0,11,0,0
2012,"PuntaPrieta",22,"Reserve","After",2,1,35,0,2,5,0,2,0,0,0,0,3,20,0,0,1,0,0,0,0,0,0,0,0,15,0,0
2012,"PuntaPrieta",23,"Reserve","After",0,1,18,0,0,1,0,0,0,0,0,0,0,25,0,0,1,0,0,0,0,0,0,0,0,33,0,0
2012,"PuntaPrieta",24,"Reserve","After",0,0,7,0,0,1,0,0,0,0,0,0,0,5,0,0,1,0,0,0,0,0,0,0,0,9,0,0
2014,"PuntaPrieta",1,"Reserve","After",0,0,0,0,0,5,0,1,0,0,0,0,0,3,0,0,2,0,0,0,0,0,0,0,0,5,0,0
2014,"PuntaPrieta",2,"Reserve","After",0,0,0,0,0,33,0,0,0,0,0,0,0,33,0,0,1,0,0,0,0,0,0,0,0,1,0,0
2014,"PuntaPrieta",3,"Reserve","After",0,2,12,0,20,5,0,6,0,0,0,0,2,21,0,0,1,0,0,0,0,0,0,0,0,16,0,0
2014,"PuntaPrieta",4,"Reserve","After",0,0,0,0,0,2,0,1,0,0,0,0,0,15,0,0,1,0,0,0,0,0,0,0,0,2,0,0
2014,"PuntaPrieta",5,"Reserve","After",0,0,0,0,0,33,0,0,0,0,0,0,0,8,0,0,1,0,0,0,0,0,0,0,0,1,0,0
2014,"PuntaPrieta",6,"Reserve","After",0,0,0,0,0,27,0,0,0,0,0,0,0,3,0,0,1,0,0,0,0,0,0,0,0,0,0,0
2014,"PuntaPrieta",7,"Reserve","After",0,0,0,0,0,2,0,0,0,0,0,0,3,2,0,0,1,0,0,0,0,0,0,0,0,0,0,0
2014,"PuntaPrieta",8,"Reserve","After",0,0,11,0,0,17,0,7,0,0,0,0,0,11,0,0,2,0,0,0,0,0,0,0,0,15,0,0
2014,"PuntaPrieta",9,"Reserve","After",0,0,12,1,0,0,0,1,0,0,0,0,0,5,0,0,1,0,0,0,0,0,0,0,0,7,0,0
2014,"PuntaPrieta",10,"Reserve","After",5,0,30,0,11,15,0,6,0,0,0,0,0,26,0,0,1,0,0,0,0,0,0,0,0,4,0,0
2014,"PuntaPrieta",11,"Reserve","After",0,0,12,0,40,2,1,3,0,0,0,0,0,57,0,0,1,0,0,0,0,0,0,0,0,13,0,0
2014,"PuntaPrieta",12,"Reserve","After",0,0,3,0,0,12,0,0,0,0,0,0,0,17,0,0,1,0,0,0,0,0,0,0,0,5,0,0
2014,"PuntaPrieta",13,"Reserve","After",0,0,3,0,15,3,0,0,0,0,0,0,0,26,0,0,2,0,0,0,0,0,0,0,0,2,0,0
2014,"PuntaPrieta",14,"Reserve","After",0,0,24,1,0,5,0,3,0,0,0,0,0,42,0,0,1,0,0,0,0,0,0,0,0,1,0,0
2014,"PuntaPrieta",15,"Reserve","After",0,0,0,0,0,1,0,0,0,0,0,0,0,29,0,0,1,0,0,0,0,0,0,0,0,7,0,0
2014,"PuntaPrieta",16,"Reserve","After",0,0,8,0,0,0,0,7,0,0,0,0,0,7,1,0,1,0,0,0,0,0,0,0,0,15,0,0
2014,"PuntaPrieta",17,"Reserve","After",0,2,3,0,0,5,0,2,0,0,0,0,0,5,0,0,1,0,0,0,0,0,0,0,0,6,0,0
2014,"PuntaPrieta",18,"Reserve","After",0,0,8,8,1,8,0,9,0,0,0,0,0,9,2,0,1,0,0,0,0,0,0,0,0,12,0,0
2014,"PuntaPrieta",19,"Reserve","After",0,3,40,0,10,0,0,14,0,0,0,0,44,4,0,0,1,0,0,0,0,0,0,0,0,16,0,0
2014,"PuntaPrieta",20,"Reserve","After",0,0,2,3,0,10,0,8,0,0,0,0,0,4,0,0,2,0,0,0,0,0,0,0,0,1,0,0
